"";"Var1";"Freq"
"1";"groß";582
"2";"gut";573
"3";"klein";445
"4";"ganz";434
"5";"ander";368
"6";"lang";231
"7";"erst";210
"8";"gewiß";202
"9";"natürlich";192
"10";"leicht";191
"11";"wahrscheinlich";176
"12";"weit";176
"13";"schwer";164
"14";"alt";163
"15";"eigentlich";159
"16";"ruhig";152
"17";"hoch";151
"18";"nah";150
"19";"langsam";144
"20";"genau";138
"21";"früh";132
"22";"neu";130
"23";"möglich";129
"24";"gleich";125
"25";"kurz";124
"26";"letzt";122
"27";"richtig";120
"28";"wirklich";120
"29";"vollständig";116
"30";"schön";111
"31";"eigen";107
"32";"stark";105
"33";"einzig";102
"34";"lange";102
"35";"frei";100
"36";"freilich";96
"37";"nötig";93
"38";"spät";93
"39";"jung";91
"40";"still";89
"41";"tief";88
"42";"verschieden";84
"43";"laut";79
"44";"plötzlich";78
"45";"schnell";77
"46";"tatsächlich";77
"47";"früher";76
"48";"offen";75
"49";"völlig";75
"50";"besonder";72
"51";"gering";72
"52";"leer";71
"53";"vorläufig";69
"54";"allgemein";68
"55";"offenbar";68
"56";"voll";68
"57";"schlecht";67
"58";"dunkel";65
"59";"freundlich";65
"60";"einfach";63
"61";"wichtig";61
"62";"einzeln";60
"63";"rasch";60
"64";"aufmerksam";59
"65";"deutlich";59
"66";"fremd";59
"67";"gänzlich";58
"68";"gleichzeitig";58
"69";"klar";55
"70";"schwach";55
"71";"scheinbar";53
"72";"unmöglich";52
"73";"müd";49
"74";"wenig";48
"75";"zweit";48
"76";"niedrig";47
"77";"ähnlich";46
"78";"glücklich";46
"79";"günstig";46
"80";"vorsichtig";46
"81";"allein";45
"82";"bestimmt";44
"83";"gewöhnlich";42
"84";"sicher";42
"85";"schwarz";40
"86";"endlich";39
"87";"eng";39
"88";"flüchtig";38
"89";"gemeinsam";37
"90";"böse";36
"91";"gleichgültig";36
"92";"recht";36
"93";"streng";36
"94";"fertig";35
"95";"weiß";35
"96";"eilig";34
"97";"persönlich";34
"98";"traurig";34
"99";"halb";33
"100";"lächelnd";33
"101";"schlimm";33
"102";"übrig";33
"103";"derartig";32
"104";"unschuldig";32
"105";"bereit";31
"106";"notwendig";31
"107";"schmal";31
"108";"wahr";31
"109";"breit";30
"110";"entfernt";30
"111";"leise";30
"112";"unnötig";30
"113";"augenblicklich";29
"114";"froh";29
"115";"knapp";29
"116";"sagen";29
"117";"genügend";28
"118";"allmählich";27
"119";"stumm";27
"120";"unmittelbar";27
"121";"amerikanisch";26
"122";"geheim";26
"123";"kindlich";26
"124";"schweigend";26
"125";"sonstig";26
"126";"unruhig";26
"127";"zufrieden";26
"128";"erstaunt";25
"129";"fest";25
"130";"förmlich";25
"131";"lachend";25
"132";"lächerlich";25
"133";"öffentlich";25
"134";"unverständlich";25
"135";"vorhanden";25
"136";"dritt";24
"137";"verständlich";24
"138";"angeblich";23
"139";"selbstverständlich";23
"140";"ungeduldig";23
"141";"ärgerlich";22
"142";"auffallend";22
"143";"bekannt";22
"144";"endgültig";22
"145";"falsch";22
"146";"heutig";22
"147";"peinlich";22
"148";"sinnlos";22
"149";"unter";22
"150";"vernünftig";22
"151";"wiß";22
"152";"elektrisch";21
"153";"grob";21
"154";"lieb";21
"155";"mächtig";21
"156";"aufrecht";20
"157";"dankbar";20
"158";"kommen";20
"159";"krank";20
"160";"nämlich";20
"161";"rot";20
"162";"selten";20
"163";"sorgfältig";20
"164";"telephonisch";20
"165";"unerträglich";20
"166";"ununterbrochen";20
"167";"fortwährend";19
"168";"schwierig";19
"169";"warm";19
"170";"äußer";18
"171";"beliebig";18
"172";"entscheidend";18
"173";"fein";18
"174";"lästig";18
"175";"merkwürdig";18
"176";"nutzlos";18
"177";"passend";18
"178";"scharf";18
"179";"schmutzig";18
"180";"schrecklich";18
"181";"unsich";18
"182";"verdächtig";18
"183";"wütend";18
"184";"zweifellos";18
"185";"absichtlich";17
"186";"bisherig";17
"187";"gesenkt";17
"188";"hell";17
"189";"link";17
"190";"los";17
"191";"sichtlich";17
"192";"sonderbar";17
"193";"unbekannt";17
"194";"empfindlich";16
"195";"ernst";16
"196";"fähig";16
"197";"geschlossen";16
"198";"gewissermaß";16
"199";"imstand";16
"200";"kräftig";16
"201";"unbedingt";16
"202";"unbegreiflich";16
"203";"undeutlich";16
"204";"unerwartet";16
"205";"verhältnismäßig";16
"206";"weiter";16
"207";"willkommen";16
"208";"ängstlich";15
"209";"ausdrücklich";15
"210";"beschäftigen";15
"211";"bloß";15
"212";"dünn";15
"213";"fleißig";15
"214";"gegenüberliegend";15
"215";"menschlich";15
"216";"schuldig";15
"217";"strich";15
"218";"unaufhörlich";15
"219";"unwillkürlich";15
"220";"vergeblich";15
"221";"wahrhaftig";15
"222";"amtlich";14
"223";"arm";14
"224";"dick";14
"225";"fragend";14
"226";"frisch";14
"227";"heiß";14
"228";"lebhaft";14
"229";"manches";14
"230";"ober";14
"231";"rein";14
"232";"selbständig";14
"233";"unangenehm";14
"234";"vollkommen";14
"235";"wissen";14
"236";"zufällig";14
"237";"angenehm";13
"238";"ausgestreckt";13
"239";"außerordentlich";13
"240";"du";13
"241";"englisch";13
"242";"entsprechend";13
"243";"freiwillig";13
"244";"freundschaftlich";13
"245";"gefährlich";13
"246";"gegenseitig";13
"247";"gestern";13
"248";"gründlich";13
"249";"liegend";13
"250";"reich";13
"251";"riesig";13
"252";"rücksichtslos";13
"253";"sichtbar";13
"254";"stolz";13
"255";"überraschend";13
"256";"zögernd";13
"257";"abhängig";12
"258";"aufrichtig";12
"259";"ausführlich";12
"260";"begreiflich";12
"261";"bittend";12
"262";"blau";12
"263";"bleich";12
"264";"ernstlich";12
"265";"flach";12
"266";"fröhlich";12
"267";"geeignet";12
"268";"geschäftlich";12
"269";"häufig";12
"270";"heftig";12
"271";"höflich";12
"272";"liegen";12
"273";"regelmäßig";12
"274";"überlegen";12
"275";"unbestimmt";12
"276";"unverändert";12
"277";"unwahrscheinlich";12
"278";"widerlich";12
"279";"winzig";12
"280";"äußerlich";11
"281";"beleuchtet";11
"282";"betreffend";11
"283";"bloßen";11
"284";"braun";11
"285";"dringend";11
"286";"elend";11
"287";"entsetzlich";11
"288";"fern";11
"289";"folgend";11
"290";"fragen";11
"291";"gesund";11
"292";"glatt";11
"293";"irgend";11
"294";"jetzig";11
"295";"lebendig";11
"296";"rund";11
"297";"ständig";11
"298";"tun";11
"299";"ungünstig";11
"300";"unrichtig";11
"301";"unser";11
"302";"unzugänglich";11
"303";"ursprünglich";11
"304";"würdig";11
"305";"zerstreut";11
"306";"zuständig";11
"307";"abend";10
"308";"amtliche";10
"309";"ärger";10
"310";"europäisch";10
"311";"finster";10
"312";"friedlich";10
"313";"gegenwärtig";10
"314";"gespannt";10
"315";"haben";10
"316";"häßlich";10
"317";"hiesig";10
"318";"klug";10
"319";"künftig";10
"320";"leid";10
"321";"machen";10
"322";"müßte";10
"323";"nebensächlich";10
"324";"neugierig";10
"325";"öffnen";10
"326";"prüfend";10
"327";"reichlich";10
"328";"sanft";10
"329";"solch";10
"330";"unbeweglich";10
"331";"unentbehrlich";10
"332";"ungestört";10
"333";"unrecht";10
"334";"weg";10
"335";"zitternd";10
"336";"angezogen";9
"337";"behaglich";9
"338";"beruhigend";9
"339";"bestimmen";9
"340";"dicht";9
"341";"endlos";9
"342";"enttäuscht";9
"343";"erschrock";9
"344";"ewig";9
"345";"genug";9
"346";"geöffnet";9
"347";"gerade";9
"348";"geringfügig";9
"349";"gleichmäßig";9
"350";"herzlich";9
"351";"hübsch";9
"352";"kostbar";9
"353";"mittler";9
"354";"nachträglich";9
"355";"nützlich";9
"356";"ordentlich";9
"357";"sofortig";9
"358";"stehend";9
"359";"steif";9
"360";"technisch";9
"361";"trüb";9
"362";"unfähig";9
"363";"unglücklich";9
"364";"unsichtbar";9
"365";"unwichtig";9
"366";"unzufrieden";9
"367";"vorüber";9
"368";"wertlos";9
"369";"wiederholt";9
"370";"worden";9
"371";"ausgebreitet";8
"372";"bequem";8
"373";"besinnungslos";8
"374";"bewußen";8
"375";"billig";8
"376";"dauernd";8
"377";"dein";8
"378";"elegant";8
"379";"erhalten";8
"380";"erhobenen";8
"381";"erhobener";8
"382";"hart";8
"383";"hochmütig";8
"384";"leiser";8
"385";"nachdenklich";8
"386";"nackt";8
"387";"nervös";8
"388";"praktisch";8
"389";"rechtzeitig";8
"390";"sämtlich";8
"391";"städtisch";8
"392";"störend";8
"393";"stundenlang";8
"394";"täglich";8
"395";"übel";8
"396";"überdrüssig";8
"397";"übermäßig";8
"398";"überraschen";8
"399";"unabhängig";8
"400";"unbehaglich";8
"401";"unerreichbar";8
"402";"ungefährlich";8
"403";"ungewöhnlich";8
"404";"unpassend";8
"405";"unsinnig";8
"406";"untätig";8
"407";"verhaften";8
"408";"verpflichten";8
"409";"verzweifelt";8
"410";"zurückhaltend";8
"411";"»";7
"412";"abwechselnd";7
"413";"angestrengt";7
"414";"anstellen";7
"415";"anweisen";7
"416";"arg";7
"417";"aufgeregt";7
"418";"bemerken";7
"419";"bescheiden";7
"420";"blond";7
"421";"blutig";7
"422";"bücken";7
"423";"direkt";7
"424";"drohend";7
"425";"ehrlich";7
"426";"entlegen";7
"427";"entschließen";7
"428";"erstaunlich";7
"429";"freudig";7
"430";"gefüllt";7
"431";"gehend";7
"432";"gelegentlich";7
"433";"geneigt";7
"434";"gern";7
"435";"gestrig";7
"436";"glauben";7
"437";"grau";7
"438";"kalt";7
"439";"kindisch";7
"440";"kläglich";7
"441";"kühl";7
"442";"leuchtend";7
"443";"mühselig";7
"444";"richten";7
"445";"rötlich";7
"446";"schlafend";7
"447";"schreiend";7
"448";"schri";7
"449";"spannen";7
"450";"süß";7
"451";"teuer";7
"452";"toll";7
"453";"überflüssig";7
"454";"übergroß";7
"455";"unbemerkt";7
"456";"ungeheuer";7
"457";"ungemein";7
"458";"unglaublich";7
"459";"unmerklich";7
"460";"unversehens";7
"461";"unvorsichtig";7
"462";"unzählig";7
"463";"vorteilhaft";7
"464";"werdend";7
"465";"wert";7
"466";"wertvoll";7
"467";"wesentlich";7
"468";"zart";7
"469";"abschließend";6
"470";"angewiesen";6
"471";"anstrengend";6
"472";"anwesend";6
"473";"aufgerissen";6
"474";"ausschließen";6
"475";"beisammen";6
"476";"beleidigt";6
"477";"beteiligen";6
"478";"betreffen";6
"479";"bitter";6
"480";"denken|gedenken";6
"481";"dumm";6
"482";"eifersüchtig";6
"483";"eifrig";6
"484";"eigentümlich";6
"485";"eignen";6
"486";"ernsthaft";6
"487";"erreichbar";6
"488";"fallend";6
"489";"fleckig";6
"490";"gefällig";6
"491";"gescheh";6
"492";"gnädig";6
"493";"großartig";6
"494";"hastig";6
"495";"hier";6
"496";"hoffentlich";6
"497";"hörbar";6
"498";"ironisch";6
"499";"lustig";6
"500";"mager";6
"501";"mühsam";6
"502";"nachlässig";6
"503";"nächtlich";6
"504";"nachzudenk";6
"505";"paar";6
"506";"privat";6
"507";"reden";6
"508";"regelrecht";6
"509";"roh";6
"510";"schändlich";6
"511";"schaukelnd";6
"512";"schlank";6
"513";"schüchtern";6
"514";"sehen";6
"515";"seitlich";6
"516";"stillschweigend";6
"517";"treu";6
"518";"tüchtig";6
"519";"überrascht";6
"520";"übertrieben";6
"521";"üblich";6
"522";"umständlich";6
"523";"unauffällig";6
"524";"unterbrochen";6
"525";"unvergleichlich";6
"526";"unzuständig";6
"527";"verbieten";6
"528";"verschiedenartig";6
"529";"verständig";6
"530";"viel";6
"531";"vorwurfsvoll";6
"532";"weich";6
"533";"zuversichtlich";6
"534";"zuwenden";6
"535";"aber";5
"536";"amtlichen";5
"537";"angesehen";5
"538";"anständig";5
"539";"arbeitend";5
"540";"ärg";5
"541";"ausschließlich";5
"542";"aussichtslos";5
"543";"bedecken";5
"544";"bedenk";5
"545";"behilflich";5
"546";"beiläufig";5
"547";"bekennen";5
"548";"berechtigen";5
"549";"bereitwillig";5
"550";"beruhigen";5
"551";"beweglich";5
"552";"bezeichnend";5
"553";"böser";5
"554";"dicker";5
"555";"dreißig";5
"556";"dunkl";5
"557";"einfältig";5
"558";"entschieden";5
"559";"entschuldigend";5
"560";"erfreulich";5
"561";"erfreut";5
"562";"erklär";5
"563";"faltig";5
"564";"festhaltend";5
"565";"festzustell";5
"566";"fliegend";5
"567";"flink";5
"568";"geben";5
"569";"gedankenlos";5
"570";"geduldig";5
"571";"gefaltet";5
"572";"gefaßt";5
"573";"gelb";5
"574";"gelblich";5
"575";"gelegen";5
"576";"geringst";5
"577";"glänzend";5
"578";"glaubwürdig";5
"579";"gleichmütig";5
"580";"grenzenlos";5
"581";"gutmütig";5
"582";"hängend";5
"583";"hilflos";5
"584";"höchstwahrscheinlich";5
"585";"irgendein";5
"586";"irgendwelch";5
"587";"kaufmännisch";5
"588";"kopfschüttelnd";5
"589";"körperlich";5
"590";"kräftigen";5
"591";"laufen";5
"592";"leblos";5
"593";"legen";5
"594";"leichtsinnig";5
"595";"leis";5
"596";"malen";5
"597";"manch";5
"598";"mechanisch";5
"599";"merkt";5
"600";"närrisch";5
"601";"neuerlich";5
"602";"ohnmächtig";5
"603";"sah";5
"604";"schärf";5
"605";"schicken";5
"606";"schien";5
"607";"schlafen";5
"608";"schriftlich";5
"609";"schuldlos";5
"610";"schwerfällig";5
"611";"spöttisch";5
"612";"telefonisch";5
"613";"trocken";5
"614";"trotzig";5
"615";"überzeugen";5
"616";"überzeugt";5
"617";"ungerecht";5
"618";"ungläubig";5
"619";"unnachgiebig";5
"620";"unnütze";5
"621";"unvermeidlich";5
"622";"unwissend";5
"623";"üppig";5
"624";"verglich";5
"625";"vergoldet";5
"626";"verhalten";5
"627";"verlassen";5
"628";"verstünd";5
"629";"vertraut";5
"630";"verwirren";5
"631";"vielfach";5
"632";"vorzüglich";5
"633";"wechselnd";5
"634";"wehrlos";5
"635";"wider";5
"636";"wiederhol";5
"637";"wild";5
"638";"zugänglich";5
"639";"zusammengezogen";5
"640";"zuviel";5
"641";"zwecklos";5
"642";"anerkennen";4
"643";"anstreng";4
"644";"atemlos";4
"645";"aufgezwungen";4
"646";"aufmunternd";4
"647";"ausgestrecken";4
"648";"äußerst";4
"649";"beabsichtigen";4
"650";"bedeutungslos";4
"651";"befreit";4
"652";"beherrscht";4
"653";"belanglos";4
"654";"beleidigend";4
"655";"bemerkbar";4
"656";"berührt";4
"657";"beschämend";4
"658";"bewegt";4
"659";"brieflich";4
"660";"dankend";4
"661";"demütig";4
"662";"deutsch";4
"663";"dienend";4
"664";"drück";4
"665";"dumpf";4
"666";"durchsichtig";4
"667";"düster";4
"668";"ehrend";4
"669";"eigensinnig";4
"670";"einen";4
"671";"einförmig";4
"672";"einheitlich";4
"673";"einig";4
"674";"entgegengesetzt";4
"675";"entgegenkommend";4
"676";"erlauben";4
"677";"ermüdend";4
"678";"erträglich";4
"679";"faul";4
"680";"feierlich";4
"681";"feig";4
"682";"fett";4
"683";"feucht";4
"684";"fraglich";4
"685";"fragwürdig";4
"686";"frech";4
"687";"führend";4
"688";"gähnend";4
"689";"geballt";4
"690";"gebeugt";4
"691";"gehörig";4
"692";"geistig";4
"693";"gekleidet";4
"694";"gemein";4
"695";"gemütlich";4
"696";"Gerstäcker";4
"697";"gestellt";4
"698";"gestreckt";4
"699";"gewesen";4
"700";"gleichen";4
"701";"gräflich";4
"702";"grell";4
"703";"grundsätzlich";4
"704";"grüßend";4
"705";"hartnäckig";4
"706";"hauptsächlich";4
"707";"heimisch";4
"708";"herrschaftlich";4
"709";"hölzern";4
"710";"inner";4
"711";"jahrelang";4
"712";"jämmerlich";4
"713";"K.";4
"714";"klang";4
"715";"kommend";4
"716";"kräftiger";4
"717";"kränklich";4
"718";"kreuz";4
"719";"laufend";4
"720";"lobenswert";4
"721";"lüstern";4
"722";"manchmal";4
"723";"mannigfaltig";4
"724";"mein";4
"725";"mild";4
"726";"mocht";4
"727";"mußen";4
"728";"nähernd";4
"729";"oberflächlich";4
"730";"politisch";4
"731";"prächtig";4
"732";"rachsüchtig";4
"733";"riesenhaft";4
"734";"ruhend";4
"735";"scheu";4
"736";"schlau";4
"737";"schmerzlich";4
"738";"schwingend";4
"739";"selbstzufrieden";4
"740";"selig";4
"741";"sichern";4
"742";"sprechen";4
"743";"starr";4
"744";"staunend";4
"745";"steinern";4
"746";"stünd";4
"747";"todmüd";4
"748";"trostlos";4
"749";"trüben";4
"750";"umgebund";4
"751";"unbequem";4
"752";"unbewußen";4
"753";"unbrauchbar";4
"754";"unersättlich";4
"755";"ungeheu";4
"756";"ungeheuerlich";4
"757";"ungeschickt";4
"758";"unglaubwürdig";4
"759";"unglücklichen";4
"760";"unnütz";4
"761";"untadelhaft";4
"762";"untergeordnet";4
"763";"unvoreingenommen";4
"764";"unwiderleglich";4
"765";"verbittern";4
"766";"verborgen";4
"767";"verbracht";4
"768";"verdient";4
"769";"verfehlt";4
"770";"verflucht";4
"771";"vergangen";4
"772";"verloren";4
"773";"versäumt";4
"774";"versehen";4
"775";"versperren";4
"776";"versteckt";4
"777";"vertrauenswürdig";4
"778";"vertraulich";4
"779";"vorgebeugt";4
"780";"vorgestreckt";4
"781";"vorüberfahrend";4
"782";"vorzeitig";4
"783";"wachsen";4
"784";"wohl";4
"785";"zaren";4
"786";"zerfressen";4
"787";"ziellos";4
"788";"zweifeln";4
"789";"zwingen";4
"790";"abscheulich";3
"791";"abweisend";3
"792";"ach";3
"793";"acht";3
"794";"allerer";3
"795";"allzuweit";3
"796";"ältlich";3
"797";"anerkannt";3
"798";"anerkennend";3
"799";"angefang";3
"800";"ankam";3
"801";"annähernd";3
"802";"annehmbar";3
"803";"ansah";3
"804";"ansehen";3
"805";"aufgestand";3
"806";"aufgeworfen";3
"807";"aufheben";3
"808";"aufreizend";3
"809";"aufriß";3
"810";"ausgesprochen";3
"811";"ausnahmslos";3
"812";"ausweichend";3
"813";"auszeichnend";3
"814";"ausziehen";3
"815";"baldig";3
"816";"beabsichtigt";3
"817";"bedeutend";3
"818";"bedeutungsvoll";3
"819";"beengen";3
"820";"befang";3
"821";"befindlich";3
"822";"befremden";3
"823";"befreundet";3
"824";"befriedigen";3
"825";"beginnend";3
"826";"beglückt";3
"827";"begreif";3
"828";"beherrschen";3
"829";"behindert";3
"830";"behördlich";3
"831";"bekleidet";3
"832";"belästig";3
"833";"belebt";3
"834";"beliebt";3
"835";"bemerkt";3
"836";"benützt";3
"837";"bequ";3
"838";"berühmt";3
"839";"besetzen";3
"840";"besichtigen";3
"841";"bestechlich";3
"842";"betrunken";3
"843";"beugen";3
"844";"bevorzugen";3
"845";"bezahlt";3
"846";"biß";3
"847";"bös";3
"848";"brauchbar";3
"849";"brav";3
"850";"breitbeinig";3
"851";"buschig";3
"852";"dacht";3
"853";"dämpfen";3
"854";"Dien";3
"855";"drang";3
"856";"dringlich";3
"857";"dulden";3
"858";"eigensüchtig";3
"859";"einflußreich";3
"860";"eingestemmt";3
"861";"einleitend";3
"862";"einrichten";3
"863";"eisern";3
"864";"ekelhaft";3
"865";"empört";3
"866";"enden";3
"867";"engbeschrieben";3
"868";"entlang";3
"869";"entwürdigend";3
"870";"er";3
"871";"ergeben";3
"872";"ergebnislos";3
"873";"ergiebig";3
"874";"erhitzt";3
"875";"erhoben";3
"876";"erkannt";3
"877";"erkennen";3
"878";"ern";3
"879";"erreicht";3
"880";"erscheinend";3
"881";"erschöpfen";3
"882";"ersehnt";3
"883";"erstemal";3
"884";"erwachsen";3
"885";"erwartend";3
"886";"erwartungsvoll";3
"887";"euer";3
"888";"fehlerlos";3
"889";"feindlich";3
"890";"Flüchtig";3
"891";"fortgegang";3
"892";"frische";3
"893";"fuchtelnd";3
"894";"fürchterlich";3
"895";"gedreht";3
"896";"gehn";3
"897";"geläng";3
"898";"gelöst";3
"899";"geordnet";3
"900";"gepreßt";3
"901";"gerad";3
"902";"gerechter";3
"903";"gereizt";3
"904";"gerichtet";3
"905";"gesammelter";3
"906";"geschwätzig";3
"907";"gestört";3
"908";"gesucht";3
"909";"geteilt";3
"910";"gewaltig";3
"911";"geweckt";3
"912";"gewöhnt";3
"913";"gewölbt";3
"914";"gewonnen";3
"915";"glühend";3
"916";"golden";3
"917";"gräfliche";3
"918";"griechisch";3
"919";"grundlos";3
"920";"grüß";3
"921";"halblaut";3
"922";"halten";3
"923";"häuslich";3
"924";"heben";3
"925";"heimlich";3
"926";"herrlich";3
"927";"hinkend";3
"928";"hinkommen";3
"929";"hoffnungsvoll";3
"930";"horchend";3
"931";"interessant";3
"932";"irre";3
"933";"italienisch";3
"934";"jen";3
"935";"jetzt";3
"936";"jüng";3
"937";"kahl";3
"938";"klatscht";3
"939";"kleinlich";3
"940";"klüg";3
"941";"knochig";3
"942";"köstlich";3
"943";"krumm";3
"944";"längst";3
"945";"lärmend";3
"946";"las";3
"947";"lässig";3
"948";"lausch";3
"949";"leidenschaftlich";3
"950";"lieben";3
"951";"liebenswürdig";3
"952";"linker";3
"953";"locker";3
"954";"matt";3
"955";"militärisch";3
"956";"minder";3
"957";"mißbrauchen";3
"958";"mißtrauisch";3
"959";"mißverstand";3
"960";"mittelbar";3
"961";"mündlich";3
"962";"mutwillig";3
"963";"nachdenk";3
"964";"nachzusehen";3
"965";"neidisch";3
"966";"neigen";3
"967";"nett";3
"968";"nickt";3
"969";"notwendige";3
"970";"öd";3
"971";"pünktlich";3
"972";"quälend";3
"973";"rasend";3
"974";"rauchend";3
"975";"rauh";3
"976";"rechen";3
"977";"regnerisch";3
"978";"reiße";3
"979";"rücksichtsvoll";3
"980";"rührend";3
"981";"sachlich";3
"982";"sammeln";3
"983";"schließen";3
"984";"schließend";3
"985";"schmählich";3
"986";"schmerzhaft";3
"987";"schob";3
"988";"schütt";3
"989";"schüttelt";3
"990";"schwankend";3
"991";"seiden";3
"992";"senkend";3
"993";"seufzend";3
"994";"sitzend";3
"995";"soweit";3
"996";"spielend";3
"997";"spitz";3
"998";"starrköpfig";3
"999";"staun";3
"1000";"stellungslos";3
"1001";"stöhnend";3
"1002";"strenger";3
"1003";"suchend";3
"1004";"tastend";3
"1005";"tausend";3
"1006";"teilnehmend";3
"1007";"trügerisch";3
"1008";"überfüllt";3
"1009";"übernommen";3
"1010";"umfangreich";3
"1011";"unbedeutend";3
"1012";"unbekümmeren";3
"1013";"unberechenbar";3
"1014";"unberechtigt";3
"1015";"unberührt";3
"1016";"undurchdringlich";3
"1017";"unerfahren";3
"1018";"unerhört";3
"1019";"unermüdlich";3
"1020";"unerschütterlich";3
"1021";"ungelegen";3
"1022";"ungenügend";3
"1023";"ungeteilen";3
"1024";"unhöflich";3
"1025";"unregelmäßig";3
"1026";"unterbrechend";3
"1027";"ununterscheidbar";3
"1028";"unveränderlich";3
"1029";"unverdient";3
"1030";"unverletzt";3
"1031";"unwillkommen";3
"1032";"verächtlich";3
"1033";"veränderlich";3
"1034";"verantwortlich";3
"1035";"verbeugend";3
"1036";"verbinden";3
"1037";"verbindlich";3
"1038";"verbunden";3
"1039";"verdorben";3
"1040";"vereinzelt";3
"1041";"vergebens";3
"1042";"vergessend";3
"1043";"verlockend";3
"1044";"verrückt";3
"1045";"verschwenderisch";3
"1046";"versunk";3
"1047";"verwirrt";3
"1048";"vier";3
"1049";"viereckig";3
"1050";"viert";3
"1051";"vorbereiten";3
"1052";"vorig";3
"1053";"vorüberkam";3
"1054";"vorwärtszukommen";3
"1055";"wach";3
"1056";"wahllos";3
"1057";"Wahrhaftig";3
"1058";"wecken";3
"1059";"wehmütig";3
"1060";"weinend";3
"1061";"wenden";3
"1062";"widerwillig";3
"1063";"willkürlich";3
"1064";"winkt";3
"1065";"wochenlang";3
"1066";"wohnlich";3
"1067";"woll";3
"1068";"wörtlich";3
"1069";"zeitweilig";3
"1070";"zugehörig";3
"1071";"zukünftig";3
"1072";"zulieb";3
"1073";"zurücktretend";3
"1074";"zusammengesunk";3
"1075";"zusammenhängend";3
"1076";"zweifelhaft";3
"1077";"»d";2
"1078";"»im";2
"1079";"abbiegend";2
"1080";"abergläubisch";2
"1081";"abgearbeitet";2
"1082";"abgebraucht";2
"1083";"abgebrochen";2
"1084";"abgehackt";2
"1085";"abgekehrt";2
"1086";"abgelö";2
"1087";"abgeschmackt";2
"1088";"absehbar";2
"1089";"abwenden";2
"1090";"ahnungslos";2
"1091";"all";2
"1092";"allerklein";2
"1093";"allernächster";2
"1094";"anderer";2
"1095";"anfänglich";2
"1096";"angeklagen";2
"1097";"angelangt";2
"1098";"angerührt";2
"1099";"angesammeln";2
"1100";"angespennen";2
"1101";"angrenzend";2
"1102";"anlachend";2
"1103";"anlegen";2
"1104";"anliegend";2
"1105";"anrüchig";2
"1106";"anschau";2
"1107";"anschwellend";2
"1108";"anspruchsvoll";2
"1109";"ansteigend";2
"1110";"anstrengenden";2
"1111";"antworten";2
"1112";"anwesenden";2
"1113";"anzufang";2
"1114";"appetitlich";2
"1115";"armer";2
"1116";"atembar";2
"1117";"atmend";2
"1118";"aufatmend";2
"1119";"Aufatmend";2
"1120";"aufgesprung";2
"1121";"aufgestört";2
"1122";"auftauchend";2
"1123";"ausführbar";2
"1124";"ausgeführt";2
"1125";"ausgelernt";2
"1126";"ausgenutzen";2
"1127";"ausgeschnitten";2
"1128";"ausreichend";2
"1129";"ausruhend";2
"1130";"ausrüsten";2
"1131";"aussehend";2
"1132";"aussetzen";2
"1133";"aussetzend";2
"1134";"auszusteig";2
"1135";"bedachen|bedenken";2
"1136";"bedauerlich";2
"1137";"bedauert";2
"1138";"bedeut";2
"1139";"beeilen";2
"1140";"beenden";2
"1141";"begierig";2
"1142";"begrüß";2
"1143";"behalt";2
"1144";"behaupten";2
"1145";"beliebigem";2
"1146";"beliebiger";2
"1147";"benachbart";2
"1148";"benommen";2
"1149";"beobachtend";2
"1150";"berechtigt";2
"1151";"beruflich";2
"1152";"beschäftigungslos";2
"1153";"beschriebenen";2
"1154";"beschwerlich";2
"1155";"beseitigen";2
"1156";"besorgt";2
"1157";"bess";2
"1158";"bestehend";2
"1159";"bestünd";2
"1160";"betrogen";2
"1161";"beurteilen";2
"1162";"bewährt";2
"1163";"beweisend";2
"1164";"bewohnt";2
"1165";"bewunderungswürdig";2
"1166";"bezauberen";2
"1167";"bezug";2
"1168";"biegsam";2
"1169";"bilden";2
"1170";"bindend";2
"1171";"bitt";2
"1172";"blendend";2
"1173";"blieb";2
"1174";"blind";2
"1175";"blödsinnig";2
"1176";"bloßfüßig";2
"1177";"boren";2
"1178";"brennend";2
"1179";"bringen";2
"1180";"brutal";2
"1181";"bück";2
"1182";"bürg";2
"1183";"buschigem";2
"1184";"charakteristisch";2
"1185";"dank";2
"1186";"dauern";2
"1187";"Delamarch";2
"1188";"detektivisch";2
"1189";"dich";2
"1190";"doch";2
"1191";"dortig";2
"1192";"dröhnend";2
"1193";"drückend";2
"1194";"duld";2
"1195";"durchbrechen";2
"1196";"durchkam";2
"1197";"ebensolch";2
"1198";"ehrenvoll";2
"1199";"eilend";2
"1200";"Eilig";2
"1201";"eindeutig";2
"1202";"eindringlich";2
"1203";"einfenstrig";2
"1204";"eingedrückt";2
"1205";"eingegriffen";2
"1206";"eingelernt";2
"1207";"eingerahmt";2
"1208";"eingesetzt";2
"1209";"eingestellt";2
"1210";"eingeübt";2
"1211";"einleuchtend";2
"1212";"einpack";2
"1213";"einschlafe";2
"1214";"einschränken";2
"1215";"einsichtig";2
"1216";"einstudiert";2
"1217";"eintretend";2
"1218";"eisengrau";2
"1219";"eisig";2
"1220";"eitl";2
"1221";"elastisch";2
"1222";"engverbund";2
"1223";"entbehrlich";2
"1224";"entfernen";2
"1225";"entgegenhob";2
"1226";"entgegenkam";2
"1227";"entleeren";2
"1228";"entschuldbar";2
"1229";"entschuldigen";2
"1230";"entstanden";2
"1231";"erfahren";2
"1232";"erfrischend";2
"1233";"erfüllen";2
"1234";"ergebend";2
"1235";"erhol";2
"1236";"erkennbar";2
"1237";"erklären";2
"1238";"erlangen";2
"1239";"erledig";2
"1240";"erledigt";2
"1241";"erleichtern";2
"1242";"erlösend";2
"1243";"ermüd";2
"1244";"ernster";2
"1245";"erregen";2
"1246";"erschienen";2
"1247";"erschrak";2
"1248";"erschrecken";2
"1249";"erschrocken";2
"1250";"erstens";2
"1251";"erstick";2
"1252";"erwähnt";2
"1253";"exzerpiert";2
"1254";"fällen";2
"1255";"feindseligem";2
"1256";"feinst";2
"1257";"fernliegend";2
"1258";"feststehend";2
"1259";"fließend";2
"1260";"flüsternd";2
"1261";"formell";2
"1262";"fremdartig";2
"1263";"freu";2
"1264";"frischer";2
"1265";"frisches";2
"1266";"fünft";2
"1267";"fürcht";2
"1268";"galoppierend";2
"1269";"ganzes";2
"1270";"gänzlichen";2
"1271";"gar";2
"1272";"geahnt";2
"1273";"gebildet";2
"1274";"geblümt";2
"1275";"gebührend";2
"1276";"geehrter";2
"1277";"gefährdet";2
"1278";"gefreut";2
"1279";"gefunden";2
"1280";"gehalten";2
"1281";"gehaßt";2
"1282";"geistesabwesend";2
"1283";"gekehrt";2
"1284";"gekreuzt";2
"1285";"gelenkig";2
"1286";"geliebter";2
"1287";"gelten";2
"1288";"gemeinschaftlich";2
"1289";"gemeint";2
"1290";"gemustert";2
"1291";"genüg";2
"1292";"geöffnetem";2
"1293";"geradeaus";2
"1294";"gerecht";2
"1295";"gerichteten";2
"1296";"gerundet";2
"1297";"geschah";2
"1298";"geschlossener";2
"1299";"geschmückt";2
"1300";"geschnitten";2
"1301";"geschult";2
"1302";"gesetzmäßig";2
"1303";"gestand";2
"1304";"gestrafft";2
"1305";"geübt";2
"1306";"gewaltsam";2
"1307";"geworfen";2
"1308";"gezimmert";2
"1309";"gierig";2
"1310";"glattrasiert";2
"1311";"gleitend";2
"1312";"grausam";2
"1313";"gröb";2
"1314";"größt";2
"1315";"grün";2
"1316";"grüßt";2
"1317";"grüßte";2
"1318";"gutgemeint";2
"1319";"hallend";2
"1320";"haltend";2
"1321";"haltlos";2
"1322";"harmlos";2
"1323";"hartherzig";2
"1324";"heikel";2
"1325";"heißen";2
"1326";"her";2
"1327";"herankommen";2
"1328";"heranreichend";2
"1329";"herrisch";2
"1330";"herrschend";2
"1331";"herrscht";2
"1332";"herumfahrend";2
"1333";"hervorgezogen";2
"1334";"hervorstechend";2
"1335";"hierhergekommen";2
"1336";"hilfesuchend";2
"1337";"hinabzusteig";2
"1338";"hindern";2
"1339";"hineingestopfen";2
"1340";"hingestellt";2
"1341";"hinsichtlich";2
"1342";"hinweg";2
"1343";"hinzubemühn";2
"1344";"hochgehalten";2
"1345";"hochgeschichtet";2
"1346";"hoffen";2
"1347";"hoffnungsfreudig";2
"1348";"hoffnungslos";2
"1349";"hol";2
"1350";"holen";2
"1351";"horch";2
"1352";"hübsche";2
"1353";"hündisch";2
"1354";"hungrig";2
"1355";"illustriert";2
"1356";"indianisch";2
"1357";"infam";2
"1358";"kampfunfähig";2
"1359";"kenntlich";2
"1360";"klopft";2
"1361";"kochen";2
"1362";"komisch";2
"1363";"konnt";2
"1364";"könnt";2
"1365";"körperlichen";2
"1366";"kränk";2
"1367";"kreuzend";2
"1368";"krummen";2
"1369";"kühn";2
"1370";"kürz";2
"1371";"kurzer";2
"1372";"küßen";2
"1373";"lacht";2
"1374";"läge";2
"1375";"langweilig";2
"1376";"läppisch";2
"1377";"lederartig";2
"1378";"leichthin";2
"1379";"leidenden";2
"1380";"lernen";2
"1381";"lesend";2
"1382";"Liftjung";2
"1383";"löblich";2
"1384";"lockend";2
"1385";"lüften";2
"1386";"machend";2
"1387";"machtlos";2
"1388";"mangelhaft";2
"1389";"männlich";2
"1390";"maßgebend";2
"1391";"merklich";2
"1392";"minutenlang";2
"1393";"mißlung";2
"1394";"mißverständlich";2
"1395";"mitbringen";2
"1396";"mitleidig";2
"1397";"mittelgroß";2
"1398";"mög";2
"1399";"mühevoll";2
"1400";"nachh";2
"1401";"nachzuahm";2
"1402";"nahe";2
"1403";"nähert";2
"1404";"national";2
"1405";"nebensächlicher";2
"1406";"nehm";2
"1407";"nichtig";2
"1408";"nickend";2
"1409";"notdürftig";2
"1410";"nötigen";2
"1411";"nütze";2
"1412";"offensichtlich";2
"1413";"öffnend";2
"1414";"organisieren";2
"1415";"pedantisch";2
"1416";"prachtvoll";2
"1417";"primitiv";2
"1418";"provisorisch";2
"1419";"prozessual";2
"1420";"prüf";2
"1421";"publik";2
"1422";"quetschen";2
"1423";"rate";2
"1424";"rauchig";2
"1425";"rauschend";2
"1426";"rebellisch";2
"1427";"rechtfertigen";2
"1428";"rechtlich";2
"1429";"rechtwinklig";2
"1430";"regelmäßigen";2
"1431";"regungslos";2
"1432";"reichen";2
"1433";"reizend";2
"1434";"rettend";2
"1435";"rheumatisch";2
"1436";"rief";2
"1437";"rissig";2
"1438";"rückgängig";2
"1439";"rufen";2
"1440";"ruhelos";2
"1441";"sandig";2
"1442";"satt";2
"1443";"sauber";2
"1444";"schamlos";2
"1445";"scherzhaft";2
"1446";"schick";2
"1447";"schlafbedürftig";2
"1448";"schlagfertig";2
"1449";"schließlich";2
"1450";"schmecken";2
"1451";"schmeichelnd";2
"1452";"schnaufend";2
"1453";"schreck";2
"1454";"schuld";2
"1455";"schützen";2
"1456";"schweigsam";2
"1457";"schwenkend";2
"1458";"schwierigen";2
"1459";"schwieriger";2
"1460";"sechzehnjährig";2
"1461";"sehenswert";2
"1462";"selbstherrlich";2
"1463";"seufzt";2
"1464";"sinkend";2
"1465";"Sinnlos";2
"1466";"sogenannt";2
"1467";"solang";2
"1468";"Sonderbar";2
"1469";"sonst";2
"1470";"sorgenlos";2
"1471";"sorglos";2
"1472";"spannend";2
"1473";"sparn";2
"1474";"spazi";2
"1475";"sportlich";2
"1476";"spreizen";2
"1477";"sprühend";2
"1478";"stampfend";2
"1479";"stand";2
"1480";"stechend";2
"1481";"stehenbleibend";2
"1482";"stockend";2
"1483";"stolpern";2
"1484";"stoßen";2
"1485";"straff";2
"1486";"strahlend";2
"1487";"streck";2
"1488";"strömend";2
"1489";"stumpf";2
"1490";"stumpfsinnig";2
"1491";"stürmisch";2
"1492";"tagelang";2
"1493";"tartarisch";2
"1494";"täuschen";2
"1495";"teilnahmslos";2
"1496";"telegraphisch";2
"1497";"tiefliegend";2
"1498";"tödlich";2
"1499";"tragend";2
"1500";"träumerisch";2
"1501";"treuer";2
"1502";"tröstend";2
"1503";"trotzdem";2
"1504";"trüber";2
"1505";"türlos";2
"1506";"überdeutlich";2
"1507";"überempfindlich";2
"1508";"überfließend";2
"1509";"überflog";2
"1510";"überkommend";2
"1511";"überlaut";2
"1512";"übermüdet";2
"1513";"überstiege";2
"1514";"überwund";2
"1515";"überzeugend";2
"1516";"übt";2
"1517";"umbau";2
"1518";"umfaßen";2
"1519";"umfassend";2
"1520";"umfaßte";2
"1521";"umgeben";2
"1522";"umgebend";2
"1523";"umgeworfen";2
"1524";"umschlung";2
"1525";"umwendend";2
"1526";"unabsehbar";2
"1527";"unabsichtlich";2
"1528";"unauffindbar";2
"1529";"unaufmerksam";2
"1530";"unausgesetzen";2
"1531";"unbeachten";2
"1532";"unbeachtet";2
"1533";"unbeeinflußen";2
"1534";"unbeeinflußt";2
"1535";"unbefriedigend";2
"1536";"unbeherrscht";2
"1537";"unbeirren";2
"1538";"unbeleuchtet";2
"1539";"unbeobachten";2
"1540";"unbesorgt";2
"1541";"undankbar";2
"1542";"uneinnehmbar";2
"1543";"unerhören";2
"1544";"unerklärlich";2
"1545";"unermeßlich";2
"1546";"unfehlbar";2
"1547";"unförmlich";2
"1548";"unfreundlich";2
"1549";"ungeeignet";2
"1550";"ungenießbar";2
"1551";"ungerührt";2
"1552";"ungescheut";2
"1553";"ungewohnt";2
"1554";"ungewollt";2
"1555";"unglücklicher";2
"1556";"unhörbar";2
"1557";"uninteressiert";2
"1558";"unkenntlich";2
"1559";"unklar";2
"1560";"unmenschlich";2
"1561";"unordentlich";2
"1562";"unschädlich";2
"1563";"unscheinbar";2
"1564";"unsicher";2
"1565";"Unsicher";2
"1566";"unterdrückt";2
"1567";"unterhalt";2
"1568";"unterm";2
"1569";"unübertrefflich";2
"1570";"unumgänglich";2
"1571";"unumschränkt";2
"1572";"ununterbroch";2
"1573";"unverantwortlich";2
"1574";"unverfänglich";2
"1575";"unverhüllt";2
"1576";"unverkennbar";2
"1577";"unvermitteln";2
"1578";"unvorbereiten";2
"1579";"unvorstellbar";2
"1580";"unweigerlich";2
"1581";"unwiderstehlich";2
"1582";"unwillig";2
"1583";"Unwillkürlich";2
"1584";"unwohl";2
"1585";"veraltet";2
"1586";"verändert";2
"1587";"verbreiten";2
"1588";"verbürg";2
"1589";"verdien";2
"1590";"verehrter";2
"1591";"verflocht";2
"1592";"verfolgen";2
"1593";"verfrühen";2
"1594";"vergehend";2
"1595";"vergessen";2
"1596";"vergleich";2
"1597";"verhängen";2
"1598";"verhüllt";2
"1599";"verläßlich";2
"1600";"verletzlich";2
"1601";"verletzter";2
"1602";"vermeiden";2
"1603";"vermischt";2
"1604";"vernichten";2
"1605";"verschiedentlich";2
"1606";"verschlafen";2
"1607";"verschlossen";2
"1608";"verschweig";2
"1609";"versöhnlich";2
"1610";"versprechen";2
"1611";"verständnisinnig";2
"1612";"verständnislos";2
"1613";"verstärkt";2
"1614";"verstehen";2
"1615";"verstockt";2
"1616";"verstreut";2
"1617";"verstummend";2
"1618";"verteidigen";2
"1619";"vertrackt";2
"1620";"vertrau";2
"1621";"vertreten";2
"1622";"verwenden";2
"1623";"verwildert";2
"1624";"verwirrend";2
"1625";"verzeih";2
"1626";"verzerrtem";2
"1627";"verzogen";2
"1628";"vielbeschäftigt";2
"1629";"vierundzwanzigstündig";2
"1630";"vorausgesehen";2
"1631";"vorausgesetzen";2
"1632";"vorder";2
"1633";"vorgehalten";2
"1634";"vorkommend";2
"1635";"vorlege";2
"1636";"vornehm";2
"1637";"vorsichtigem";2
"1638";"vorstell";2
"1639";"vorstellen";2
"1640";"vortrefflich";2
"1641";"vortretend";2
"1642";"vorübergehen";2
"1643";"vorübergehend";2
"1644";"vorüberzogen";2
"1645";"waagrecht";2
"1646";"wachsend";2
"1647";"wagen";2
"1648";"wagrecht";2
"1649";"wahrhaft";2
"1650";"wahrheitsgemäß";2
"1651";"wär";2
"1652";"warnend";2
"1653";"wart";2
"1654";"warten";2
"1655";"wartend";2
"1656";"weiblich";2
"1657";"weitergegang";2
"1658";"wer";2
"1659";"widerspenstig";2
"1660";"wieviel";2
"1661";"wilde";2
"1662";"wildem";2
"1663";"wildes";2
"1664";"wildgeworden";2
"1665";"will";2
"1666";"willenlos";2
"1667";"wittert";2
"1668";"wohlbekannt";2
"1669";"wohltätig";2
"1670";"wollen";2
"1671";"womöglich";2
"1672";"wortwörtlich";2
"1673";"wulstig";2
"1674";"wund";2
"1675";"wunderbar";2
"1676";"wünsch";2
"1677";"Würgend";2
"1678";"wußen";2
"1679";"wußte";2
"1680";"wüst";2
"1681";"zahllos";2
"1682";"zahlreich";2
"1683";"zehnt";2
"1684";"zeigen";2
"1685";"zeitlich";2
"1686";"zeitraubend";2
"1687";"zerdrückt";2
"1688";"zerrissen";2
"1689";"zerstreu";2
"1690";"zierlich";2
"1691";"zischend";2
"1692";"zögert";2
"1693";"zuckend";2
"1694";"zufriedenstellen";2
"1695";"zuhör";2
"1696";"zukommend";2
"1697";"zusammenfassend";2
"1698";"zusehen";2
"1699";"zustimmend";2
"1700";"zutraulich";2
"1701";"zutreffend";2
"1702";"zutunlich";2
"1703";"zwanzig";2
"1704";"Zweifel";2
"1705";"zwölfstündig";2
"1706";"-gespannt";1
"1707";"›wahrscheinlich";1
"1708";">endlich";1
"1709";"»dieser";1
"1710";"»wahr";1
"1711";"»wahrscheinlich";1
"1712";"35jährig";1
"1713";"abbrechend";1
"1714";"Abend";1
"1715";"abfallend";1
"1716";"abgefang";1
"1717";"abgefeimt";1
"1718";"abgegriffen";1
"1719";"abgeirrt";1
"1720";"abgelegen";1
"1721";"abgeliefert";1
"1722";"abgemessen";1
"1723";"abgenutzt";1
"1724";"abgerissen";1
"1725";"Abgesandt";1
"1726";"abgeschlossene";1
"1727";"abgesehen";1
"1728";"abgestanden";1
"1729";"abgestecken";1
"1730";"abgewendet";1
"1731";"abgrenzen";1
"1732";"abholen";1
"1733";"ablehnend";1
"1734";"ablenkend";1
"1735";"ablock";1
"1736";"abräumen";1
"1737";"abschließen";1
"1738";"abschreck";1
"1739";"abschwenkt";1
"1740";"abseitsliegend";1
"1741";"abspenstig";1
"1742";"absperrt";1
"1743";"absucht";1
"1744";"abwehrend";1
"1745";"abwendig";1
"1746";"abzuhalt";1
"1747";"abzuholen";1
"1748";"abzulösend";1
"1749";"abzuwend";1
"1750";"Ach";1
"1751";"achten";1
"1752";"achtlos";1
"1753";"achtungeinflößend";1
"1754";"achtungswert";1
"1755";"achtzehnjährig";1
"1756";"ächzend";1
"1757";"adressieren";1
"1758";"advokatisch";1
"1759";"advokatorisch";1
"1760";"ahnt";1
"1761";"allabendlich";1
"1762";"alleinig";1
"1763";"allerb";1
"1764";"allerbe";1
"1765";"allereilig";1
"1766";"allerernste";1
"1767";"allerfernster";1
"1768";"allergroß";1
"1769";"allerlächerlich";1
"1770";"allernäch";1
"1771";"allerschön";1
"1772";"allerschwerster";1
"1773";"allerunter";1
"1774";"allerwenig";1
"1775";"alles";1
"1776";"allgemeiner";1
"1777";"allmonatlich";1
"1778";"allzu";1
"1779";"allzufreundlich";1
"1780";"allzuhäufig";1
"1781";"allzuhoch";1
"1782";"allzulang";1
"1783";"alterlos";1
"1784";"altert";1
"1785";"altmodisch";1
"1786";"amtliches";1
"1787";"anbringen";1
"1788";"and";1
"1789";"ändern";1
"1790";"andeut";1
"1791";"aneinandergereiht";1
"1792";"aneinanderlehnend";1
"1793";"anerkennenswert";1
"1794";"anfang";1
"1795";"anfragend";1
"1796";"angebaut";1
"1797";"angeboren";1
"1798";"angebracht";1
"1799";"angefangen";1
"1800";"angemessen";1
"1801";"angenommen";1
"1802";"angerauchen";1
"1803";"angesammelt";1
"1804";"angeschaut";1
"1805";"angespannt";1
"1806";"angespannte";1
"1807";"angesprochen";1
"1808";"angespuckt";1
"1809";"angewöhnen";1
"1810";"angezünden";1
"1811";"angezweifelt";1
"1812";"angriffslustig";1
"1813";"ängstig";1
"1814";"Ängstlich";1
"1815";"ankommt";1
"1816";"anlehnen";1
"1817";"anmaßend";1
"1818";"anpack";1
"1819";"anschließen";1
"1820";"ansehnlich";1
"1821";"anstößig";1
"1822";"anstrengen";1
"1823";"anstrengende";1
"1824";"antwort";1
"1825";"antwortend";1
"1826";"antwortet";1
"1827";"anvertraut";1
"1828";"anwachsend";1
"1829";"anwesende";1
"1830";"anzudeut";1
"1831";"anzueigen";1
"1832";"anzusehen";1
"1833";"anzusteck";1
"1834";"anzustreng";1
"1835";"appetitanreizend";1
"1836";"applaudieren";1
"1837";"arbeiten";1
"1838";"arbeitsreich";1
"1839";"arbeitsscheu";1
"1840";"arbeitsvoll";1
"1841";"Ärger";1
"1842";"ärgern";1
"1843";"Arm";1
"1844";"ärm";1
"1845";"arme";1
"1846";"armselig";1
"1847";"atemraubend";1
"1848";"atmet";1
"1849";"ätzend";1
"1850";"aufbauend";1
"1851";"aufeinanderfolgend";1
"1852";"aufeinandergestapelt";1
"1853";"auffällig";1
"1854";"aufflammend";1
"1855";"aufgeblas";1
"1856";"aufgeblasen";1
"1857";"aufgebunden";1
"1858";"aufgehalt";1
"1859";"aufgehängen";1
"1860";"aufgehäuft";1
"1861";"aufgehend";1
"1862";"aufgehören";1
"1863";"aufgeklärt";1
"1864";"aufgeknöpft";1
"1865";"aufgeladen";1
"1866";"aufgelöst";1
"1867";"aufgemuntern";1
"1868";"aufgerichten";1
"1869";"aufgesetzt";1
"1870";"aufgesetztem";1
"1871";"aufgesteckt";1
"1872";"aufgestülpt";1
"1873";"aufgestützt";1
"1874";"aufgewogen";1
"1875";"aufhorchend";1
"1876";"aufleuchtend";1
"1877";"auflösend";1
"1878";"aufpassend";1
"1879";"aufrechterhalten";1
"1880";"aufregend";1
"1881";"aufrichten";1
"1882";"aufrichtet";1
"1883";"Aufrichtig";1
"1884";"aufrichtigem";1
"1885";"aufschreckt";1
"1886";"aufsehend";1
"1887";"aufspring";1
"1888";"aufspringend";1
"1889";"aufsteigen";1
"1890";"aufsteigend";1
"1891";"aufwend";1
"1892";"aufzeichenbar";1
"1893";"aufzublas";1
"1894";"aufzuhalt";1
"1895";"aufzulös";1
"1896";"aufzumach";1
"1897";"aufzutret";1
"1898";"ausatmend";1
"1899";"ausbreiten";1
"1900";"ausbreitend";1
"1901";"ausdruckslos";1
"1902";"ausdrückt";1
"1903";"auseinandergepackt";1
"1904";"auseinandergestrecken";1
"1905";"auseinandergestreckt";1
"1906";"auseinanderstellen";1
"1907";"auserlesen";1
"1908";"ausfindig";1
"1909";"ausfragend";1
"1910";"ausgearbeitet";1
"1911";"ausgebleiben";1
"1912";"ausgebroch";1
"1913";"ausgedehnen";1
"1914";"ausgedehnt";1
"1915";"ausgedient";1
"1916";"ausgedrücken";1
"1917";"ausgefragen";1
"1918";"ausgeglichen";1
"1919";"ausgegoren";1
"1920";"ausgegraben";1
"1921";"ausgehfertig";1
"1922";"ausgeholt";1
"1923";"ausgehorcht";1
"1924";"ausgekennen";1
"1925";"ausgeklopfen";1
"1926";"ausgeliefern";1
"1927";"ausgelöscht";1
"1928";"ausgenützt";1
"1929";"ausgenütztem";1
"1930";"ausgepustet";1
"1931";"ausgeruht";1
"1932";"ausgesöhnen";1
"1933";"ausgespannt";1
"1934";"ausgestattet";1
"1935";"ausgetret";1
"1936";"ausgezeichnet";1
"1937";"ausgezeichnete";1
"1938";"ausgezeichnetem";1
"1939";"ausgezogen";1
"1940";"ausko";1
"1941";"ausländisch";1
"1942";"ausnehm";1
"1943";"ausräumen";1
"1944";"ausreich";1
"1945";"ausreichende";1
"1946";"außeramtlich";1
"1947";"außergewöhnlich";1
"1948";"äußern";1
"1949";"außerstand";1
"1950";"aussteigen";1
"1951";"ausstieß";1
"1952";"ausstoßen";1
"1953";"auswendig";1
"1954";"auszehrend";1
"1955";"auszuführend";1
"1956";"auszukommen";1
"1957";"auszuricht";1
"1958";"auszurichtend";1
"1959";"auszuziehn";1
"1960";"automatisch";1
"1961";"baden";1
"1962";"badend";1
"1963";"badet";1
"1964";"bartlos";1
"1965";"be";1
"1966";"beachten";1
"1967";"beachtenswert";1
"1968";"beängstigend";1
"1969";"beantwortend";1
"1970";"beaufsichtigt";1
"1971";"bebaut";1
"1972";"bedächtig";1
"1973";"bedauern";1
"1974";"bedauernswert";1
"1975";"bedeckend";1
"1976";"bedeckt";1
"1977";"bedenkenlos";1
"1978";"bedrängen";1
"1979";"bedrohen";1
"1980";"bedrückend";1
"1981";"bedrückt";1
"1982";"bedürf";1
"1983";"beeilt";1
"1984";"beendet";1
"1985";"beengend";1
"1986";"befangen";1
"1987";"befassend";1
"1988";"befehlend";1
"1989";"befehlshaberisch";1
"1990";"befrei";1
"1991";"befreien";1
"1992";"befreunden";1
"1993";"befürchtet";1
"1994";"begegne";1
"1995";"begehrlich";1
"1996";"begehrt";1
"1997";"begeistert";1
"1998";"begleiten";1
"1999";"begleitend";1
"2000";"beglückend";1
"2001";"begnüg";1
"2002";"begonnen";1
"2003";"begoßen";1
"2004";"begriffsstutzig";1
"2005";"begriffstützig";1
"2006";"begründen";1
"2007";"begründend";1
"2008";"begründet";1
"2009";"behaglicher";1
"2010";"behandelt";1
"2011";"behauptet";1
"2012";"beherrschtes";1
"2013";"behindernd";1
"2014";"behutsam";1
"2015";"beiderseitig";1
"2016";"beikommen";1
"2017";"beirrend";1
"2018";"beiseit";1
"2019";"beiseitegeschoben";1
"2020";"beißend";1
"2021";"bekanntlich";1
"2022";"bekleiden";1
"2023";"bekräftigend";1
"2024";"belau";1
"2025";"belauern";1
"2026";"belebend";1
"2027";"beleuchten";1
"2028";"belohnen";1
"2029";"bemerk";1
"2030";"bemessen";1
"2031";"bemüht";1
"2032";"beneidenswert";1
"2033";"benötigt";1
"2034";"beobachten";1
"2035";"bereitstehend";1
"2036";"bereuen";1
"2037";"berüchtigen";1
"2038";"berückend";1
"2039";"berücksichtig";1
"2040";"berufsmäßig";1
"2041";"berührend";1
"2042";"beschaffen";1
"2043";"beschäftigt";1
"2044";"beschämt";1
"2045";"beschieden";1
"2046";"beschleunig";1
"2047";"beschmiert";1
"2048";"beschränk";1
"2049";"beschrieben";1
"2050";"beschützt";1
"2051";"beschworen";1
"2052";"beschwörend";1
"2053";"besetzt";1
"2054";"besitzlos";1
"2055";"besonderer";1
"2056";"bespannt";1
"2057";"bespritzt";1
"2058";"besprochen";1
"2059";"beständig";1
"2060";"bestätig";1
"2061";"bestätigt";1
"2062";"bestbezahlt";1
"2063";"bestellt";1
"2064";"bestimmend";1
"2065";"bestreben";1
"2066";"bestreut";1
"2067";"bestürm";1
"2068";"bestürzen";1
"2069";"betäuben";1
"2070";"betäubend";1
"2071";"beteiligt";1
"2072";"betont";1
"2073";"betört";1
"2074";"bett";1
"2075";"bevorsteh";1
"2076";"bevorzugt";1
"2077";"bewacht";1
"2078";"bewahr";1
"2079";"bewegen";1
"2080";"bewegend";1
"2081";"bewegungslos";1
"2082";"beweisführend";1
"2083";"bewirkt";1
"2084";"bewohnbar";1
"2085";"bewohnen";1
"2086";"bewundernd";1
"2087";"bewundert";1
"2088";"bewunderungswert";1
"2089";"Bewunderungswürdig";1
"2090";"bewußtlos";1
"2091";"bezeichnet";1
"2092";"bezüglich";1
"2093";"bezweifeln";1
"2094";"bezweifl";1
"2095";"biegen";1
"2096";"Bläulich";1
"2097";"blicken";1
"2098";"blinzelnd";1
"2099";"blitzartig";1
"2100";"blitzschnell";1
"2101";"blutarm";1
"2102";"blutend";1
"2103";"bogenförmig";1
"2104";"böhmisch";1
"2105";"bösartig";1
"2106";"boshaft";1
"2107";"böswillig";1
"2108";"brachen";1
"2109";"braten";1
"2110";"brauchen";1
"2111";"braungebrannt";1
"2112";"brechen";1
"2113";"brechend";1
"2114";"breitdachig";1
"2115";"breitmach";1
"2116";"brüchig";1
"2117";"brummig";1
"2118";"bückend";1
"2119";"bucklig";1
"2120";"bunt";1
"2121";"chronisch";1
"2122";"cremefarben";1
"2123";"dadurch";1
"2124";"dahinter";1
"2125";"daliege";1
"2126";"damalig";1
"2127";"dämmerig";1
"2128";"dämmernd";1
"2129";"dargeboten";1
"2130";"darstellen";1
"2131";"daruntergeschoben";1
"2132";"darzustell";1
"2133";"dasitz";1
"2134";"demonstrierend";1
"2135";"demoralisiert";1
"2136";"denkbar";1
"2137";"denkend";1
"2138";"denkunfähig";1
"2139";"deraren";1
"2140";"deutbar";1
"2141";"deutlicher";1
"2142";"diebisch";1
"2143";"dienen";1
"2144";"dienstfrei";1
"2145";"dienstfreien";1
"2146";"dienstlich";1
"2147";"dilettantisch";1
"2148";"diplomatisch";1
"2149";"dirigierend";1
"2150";"dolchartig";1
"2151";"dörflich";1
"2152";"dränge";1
"2153";"drängen";1
"2154";"drängend";1
"2155";"dreieckig";1
"2156";"dreinschlagend";1
"2157";"Dreiviertel";1
"2158";"dring";1
"2159";"drittgroß";1
"2160";"droch";1
"2161";"drohen";1
"2162";"droht";1
"2163";"drückt";1
"2164";"ducken";1
"2165";"duldet";1
"2166";"duldsam";1
"2167";"dümm";1
"2168";"dumpfer";1
"2169";"dunkelhäutig";1
"2170";"dunklem";1
"2171";"dünnwandig";1
"2172";"durchbrochen";1
"2173";"durcheinanderwimmelnd";1
"2174";"durchnäßen";1
"2175";"durchscheinend";1
"2176";"durchströmend";1
"2177";"dürf";1
"2178";"durft";1
"2179";"dürr";1
"2180";"durstig";1
"2181";"ebenbürtig";1
"2182";"eckig";1
"2183";"eh";1
"2184";"ehrerbietig";1
"2185";"ehrfurchtsvoll";1
"2186";"ehrwürdig";1
"2187";"eigenhändig";1
"2188";"Eigenmächtig";1
"2189";"eigentliche";1
"2190";"eigentlicher";1
"2191";"eilen";1
"2192";"eiligst";1
"2193";"einbeziehen";1
"2194";"eindring";1
"2195";"eindringend";1
"2196";"einfang";1
"2197";"einförmige";1
"2198";"eingebettet";1
"2199";"eingeboren";1
"2200";"eingebracht";1
"2201";"eingefall";1
"2202";"eingefaßt";1
"2203";"eingeführt";1
"2204";"eingegraben";1
"2205";"eingehängt";1
"2206";"eingehüllen";1
"2207";"eingejagen";1
"2208";"eingenommen";1
"2209";"eingepacken";1
"2210";"eingerichtet";1
"2211";"eingestand";1
"2212";"eingetauchen";1
"2213";"eingetret";1
"2214";"eingetreten";1
"2215";"eingezwängt";1
"2216";"eingreif";1
"2217";"einhüllend";1
"2218";"einigem";1
"2219";"einjährig";1
"2220";"einladend";1
"2221";"einliegend";1
"2222";"einmal";1
"2223";"einmalig";1
"2224";"einmündend";1
"2225";"einnehmend";1
"2226";"einnick";1
"2227";"einsam";1
"2228";"einseitig";1
"2229";"einsetzend";1
"2230";"einsilbig";1
"2231";"einsinkend";1
"2232";"einstellen";1
"2233";"eintägig";1
"2234";"einteilend";1
"2235";"eintönig";1
"2236";"eintret";1
"2237";"einunddreißig";1
"2238";"einverstanden";1
"2239";"einwandfrei";1
"2240";"einwandfreien";1
"2241";"einwend";1
"2242";"einzuhalt";1
"2243";"einzupräg";1
"2244";"einzuricht";1
"2245";"Einzusehen";1
"2246";"eisenmäßig";1
"2247";"eiskalt";1
"2248";"eitel";1
"2249";"elektrisieren";1
"2250";"elektrisiert";1
"2251";"elementar";1
"2252";"empfangen";1
"2253";"empfänglich";1
"2254";"empfehlend";1
"2255";"empfindlichen";1
"2256";"empörend";1
"2257";"Endlich";1
"2258";"energisch";1
"2259";"enganliegend";1
"2260";"enger";1
"2261";"Englisch";1
"2262";"entbloß";1
"2263";"entehrend";1
"2264";"entehrt";1
"2265";"entfaltet";1
"2266";"entfern";1
"2267";"entflohen";1
"2268";"entgegeneilend";1
"2269";"entgegenstellen";1
"2270";"entgegenstrecken";1
"2271";"entgegenstreckt";1
"2272";"enthalt";1
"2273";"enthalten";1
"2274";"enthüllend";1
"2275";"entkleidet";1
"2276";"entladend";1
"2277";"entlaufen";1
"2278";"entlock";1
"2279";"entmutigend";1
"2280";"entnehm";1
"2281";"entschlossen";1
"2282";"entsprechen";1
"2283";"entsprichen";1
"2284";"entwickeln";1
"2285";"entzückend";1
"2286";"entzünden";1
"2287";"erachten";1
"2288";"erarbeitet";1
"2289";"erbärmlich";1
"2290";"erbarmungswürdig";1
"2291";"erbeten";1
"2292";"erblassend";1
"2293";"ererbt";1
"2294";"erfahrener";1
"2295";"erfahrungsgemäß";1
"2296";"erfaßen";1
"2297";"erfolgen";1
"2298";"erfolglos";1
"2299";"erfolglosen";1
"2300";"erfolgreich";1
"2301";"erforderlich";1
"2302";"erfrischt";1
"2303";"erfunden";1
"2304";"ergänzend";1
"2305";"ergattert";1
"2306";"ergreif";1
"2307";"erhältlich";1
"2308";"erheben";1
"2309";"erhebend";1
"2310";"erhitztem";1
"2311";"erhobenem";1
"2312";"erholt";1
"2313";"erinnerlich";1
"2314";"erinnernd";1
"2315";"erinnert";1
"2316";"erkaltend";1
"2317";"erkenne";1
"2318";"erklärend";1
"2319";"Erlang";1
"2320";"erlaub";1
"2321";"erlitten";1
"2322";"erlogen";1
"2323";"erlöschend";1
"2324";"ermüden";1
"2325";"erniedrigen";1
"2326";"eroberungssüchtig";1
"2327";"erproben";1
"2328";"erregt";1
"2329";"erreichen";1
"2330";"erschöpfend";1
"2331";"erschreck";1
"2332";"erschreckend";1
"2333";"erschütternd";1
"2334";"erspar";1
"2335";"erstarrend";1
"2336";"erstatten";1
"2337";"erstickend";1
"2338";"Erwachsene";1
"2339";"erwähnenswert";1
"2340";"erwarten";1
"2341";"erwartet";1
"2342";"erwartete";1
"2343";"erwiesen";1
"2344";"erworben";1
"2345";"erwünscht";1
"2346";"erzählt";1
"2347";"erzielbar";1
"2348";"erzielt";1
"2349";"erzürnen";1
"2350";"eßbar";1
"2351";"Eu";1
"2352";"fächerartig";1
"2353";"fachlich";1
"2354";"fahrig";1
"2355";"fallen";1
"2356";"falten";1
"2357";"faltend";1
"2358";"fänd";1
"2359";"fangen";1
"2360";"färben";1
"2361";"farbig";1
"2362";"fassend";1
"2363";"fauchend";1
"2364";"faulenzen";1
"2365";"fe";1
"2366";"fehlen";1
"2367";"fehlend";1
"2368";"fehlt";1
"2369";"feiner";1
"2370";"fensterlos";1
"2371";"Fern";1
"2372";"Fers";1
"2373";"fertigzubring";1
"2374";"festgemacht";1
"2375";"festgeriegelt";1
"2376";"festgesetzt";1
"2377";"festhieln";1
"2378";"festlich";1
"2379";"feststell";1
"2380";"fette";1
"2381";"fettig";1
"2382";"fix";1
"2383";"flankiert";1
"2384";"Flasche";1
"2385";"flattert";1
"2386";"flehend";1
"2387";"fleischig";1
"2388";"fleischigem";1
"2389";"Fleißig";1
"2390";"fliehend";1
"2391";"flog";1
"2392";"folg";1
"2393";"folgenschwer";1
"2394";"forder";1
"2395";"fordernd";1
"2396";"formal";1
"2397";"forsch";1
"2398";"fortlaufend";1
"2399";"fortschreiten";1
"2400";"fortschreitend";1
"2401";"fortstoßend";1
"2402";"fortwirkend";1
"2403";"fortzubring";1
"2404";"fortzukommen";1
"2405";"frauenhaft";1
"2406";"frecher";1
"2407";"freigehalten";1
"2408";"freundliches";1
"2409";"fri";1
"2410";"frischen";1
"2411";"frischgebacken";1
"2412";"Fröstelnd";1
"2413";"fruchtbare";1
"2414";"frühstücken";1
"2415";"frühzeitig";1
"2416";"frühzeitige";1
"2417";"fügen";1
"2418";"fühlbar";1
"2419";"führen";1
"2420";"führt";1
"2421";"fünfjährig";1
"2422";"fünfunddreißigjährig";1
"2423";"fünfundsechzig";1
"2424";"fünfzigjährig";1
"2425";"fünfzigster";1
"2426";"funkelnd";1
"2427";"furchtbar";1
"2428";"fürchtend";1
"2429";"gallig";1
"2430";"gänzlicher";1
"2431";"gealtert";1
"2432";"geändert";1
"2433";"gearbeitet";1
"2434";"gebannt";1
"2435";"gebessert";1
"2436";"gebet";1
"2437";"geborener";1
"2438";"gebräuchlich";1
"2439";"gebrochen";1
"2440";"gebückt";1
"2441";"gebührt";1
"2442";"gebunden";1
"2443";"gedämpft";1
"2444";"gedeckt";1
"2445";"geduld";1
"2446";"gedulden";1
"2447";"Geehrt";1
"2448";"gefährden";1
"2449";"gefällt";1
"2450";"gefärbt";1
"2451";"gefestigt";1
"2452";"geflickt";1
"2453";"geflissentlich";1
"2454";"geflüstert";1
"2455";"geformt";1
"2456";"gefügig";1
"2457";"gefühllos";1
"2458";"geführt";1
"2459";"gefund";1
"2460";"gefürchtet";1
"2461";"gegeneinanderströmend";1
"2462";"gegenteilig";1
"2463";"gegenüb";1
"2464";"geheizt";1
"2465";"gehen";1
"2466";"gehoben";1
"2467";"gehöhlt";1
"2468";"geholf";1
"2469";"gehört";1
"2470";"geistesgegenwärtig";1
"2471";"geizig";1
"2472";"gejagt";1
"2473";"gekitzelt";1
"2474";"gelehrt";1
"2475";"geliebt";1
"2476";"gelind";1
"2477";"gelog";1
"2478";"geltend";1
"2479";"gemäht";1
"2480";"gemartert";1
"2481";"gemäß";1
"2482";"gemäßigt";1
"2483";"gemildert";1
"2484";"genährter";1
"2485";"genaue";1
"2486";"genommt";1
"2487";"genügende";1
"2488";"genügt";1
"2489";"gepanzert";1
"2490";"gepflegt";1
"2491";"geplagt";1
"2492";"geputzt";1
"2493";"gequält";1
"2494";"geradlinig";1
"2495";"geräuschlos";1
"2496";"Gerecht";1
"2497";"gerechten";1
"2498";"geregelt";1
"2499";"gerühmt";1
"2500";"gerunden";1
"2501";"gesalzen";1
"2502";"gesammelt";1
"2503";"gesamt";1
"2504";"geschärftes";1
"2505";"geschickt";1
"2506";"geschieden";1
"2507";"geschlag";1
"2508";"geschnitzt";1
"2509";"geschnürter";1
"2510";"geschri";1
"2511";"geschrieben";1
"2512";"geschwund";1
"2513";"gesellschaftlich";1
"2514";"gesichert";1
"2515";"gesondert";1
"2516";"gesprächig";1
"2517";"gespreizt";1
"2518";"gestählt";1
"2519";"gestaunt";1
"2520";"gesteckt";1
"2521";"gestikulierend";1
"2522";"gestöckelt";1
"2523";"gestrickt";1
"2524";"gestützt";1
"2525";"gesünd";1
"2526";"getragen";1
"2527";"getraut";1
"2528";"getroff";1
"2529";"getrösten";1
"2530";"gewagt";1
"2531";"gewandt";1
"2532";"gewann";1
"2533";"geweitet";1
"2534";"gewesener";1
"2535";"gewickelt";1
"2536";"gewöhn";1
"2537";"gewohnt";1
"2538";"gewohntes";1
"2539";"gewölbeartig";1
"2540";"gewollt";1
"2541";"gewordener";1
"2542";"geworf";1
"2543";"geworfener";1
"2544";"gezog";1
"2545";"gezwungen";1
"2546";"ging";1
"2547";"gläubig";1
"2548";"glaubst";1
"2549";"glaubt";1
"2550";"gleichbleibend";1
"2551";"gleiche";1
"2552";"gleichend";1
"2553";"gleichgebleiben";1
"2554";"gleichmäßigem";1
"2555";"goldfarbig";1
"2556";"goldglänzend";1
"2557";"goldig";1
"2558";"goßen";1
"2559";"grabmäßig";1
"2560";"grammatikalisch";1
"2561";"gräßlich";1
"2562";"gratuli";1
"2563";"graublau";1
"2564";"grauglänzend";1
"2565";"grauhaarig";1
"2566";"grauschwarz";1
"2567";"greif";1
"2568";"greifbar";1
"2569";"greisenhaft";1
"2570";"Gret";1
"2571";"griff";1
"2572";"grober";1
"2573";"grobkörnig";1
"2574";"große";1
"2575";"großmaschig";1
"2576";"großtat";1
"2577";"grub";1
"2578";"grundsätzlichen";1
"2579";"grundverschieden";1
"2580";"gutgesinnt";1
"2581";"gutgestellt";1
"2582";"gütig";1
"2583";"gütlich";1
"2584";"gutwillig";1
"2585";"haarfein";1
"2586";"hab";1
"2587";"halbdunkel";1
"2588";"halbfertig";1
"2589";"halbgeschlossen";1
"2590";"halbjährigem";1
"2591";"halbstündig";1
"2592";"halbverfault";1
"2593";"halbwüchsig";1
"2594";"haltbar";1
"2595";"hängendem";1
"2596";"härter";1
"2597";"hassenswert";1
"2598";"hastigem";1
"2599";"hätt";1
"2600";"hätte.";1
"2601";"heldenhaft";1
"2602";"hellhörig";1
"2603";"hemdärmelig";1
"2604";"hemmungslos";1
"2605";"herabdringend";1
"2606";"herabgeschneit";1
"2607";"herabhängend";1
"2608";"herablassend";1
"2609";"herabsteigend";1
"2610";"herabtropfend";1
"2611";"herankam";1
"2612";"heranschwank";1
"2613";"herauszuarbeit";1
"2614";"herbeieilend";1
"2615";"herbeilaufend";1
"2616";"hereinholen";1
"2617";"hereinkam";1
"2618";"hereinzukommen";1
"2619";"hergeblasen";1
"2620";"hergekommen";1
"2621";"hergelaufen";1
"2622";"hergenommen";1
"2623";"heringartig";1
"2624";"herumblickend";1
"2625";"herumgetret";1
"2626";"herumhängend";1
"2627";"herumliegend";1
"2628";"herumspring";1
"2629";"hervorbrechend";1
"2630";"hervorgehoben";1
"2631";"hervorgeholt";1
"2632";"hervorgekommen";1
"2633";"hervorgequollen";1
"2634";"hervorgewälzt";1
"2635";"hervorkam";1
"2636";"hervorragt";1
"2637";"hervortret";1
"2638";"herzbeklemmend";1
"2639";"herzuricht";1
"2640";"hielt";1
"2641";"hiesigem";1
"2642";"hilfsbedürftig";1
"2643";"himmelschreiend";1
"2644";"hinabgebeugt";1
"2645";"hinabgekrümmt";1
"2646";"hinabhängend";1
"2647";"hinabsteig";1
"2648";"hinaufgelogen";1
"2649";"hinausgehend";1
"2650";"hinausgekommen";1
"2651";"hinauszukommen";1
"2652";"hinauszuschau";1
"2653";"hinderlich";1
"2654";"hindeutend";1
"2655";"hineingehen";1
"2656";"hineingezogen";1
"2657";"hineinwickelt";1
"2658";"hinfällig";1
"2659";"hingebeugt";1
"2660";"hingehörig";1
"2661";"hingekommen";1
"2662";"hingelegt";1
"2663";"hingereicht";1
"2664";"hingesehen";1
"2665";"hingeworfen";1
"2666";"hinnahm";1
"2667";"hinnehm";1
"2668";"hinter";1
"2669";"hinterhältig";1
"2670";"hinterlistig";1
"2671";"hinuntergeworfen";1
"2672";"hinunterhängend";1
"2673";"hinunterkommen";1
"2674";"hinunterrief";1
"2675";"hinunterzuschluck";1
"2676";"hinweggekommen";1
"2677";"hinziehend";1
"2678";"hinzudeut";1
"2679";"hinzufüg";1
"2680";"hinzugehen";1
"2681";"hob";1
"2682";"hochaufgerichten";1
"2683";"hochgehend";1
"2684";"hochgestreckt";1
"2685";"hochgetrieben";1
"2686";"hochhieln";1
"2687";"hochrot";1
"2688";"hochschätzt";1
"2689";"hockt";1
"2690";"hoff";1
"2691";"hofft";1
"2692";"höhnisch";1
"2693";"holend";1
"2694";"holt";1
"2695";"holzgeschnitzter";1
"2696";"hör";1
"2697";"hügelig";1
"2698";"hunderttausend";1
"2699";"hustend";1
"2700";"hüt";1
"2701";"ihr";1
"2702";"ihresgleich";1
"2703";"imm";1
"2704";"indirekt";1
"2705";"inhaltlos";1
"2706";"inhaltsreicher";1
"2707";"innehaltend";1
"2708";"innehielt";1
"2709";"innewohnend";1
"2710";"interessi";1
"2711";"interessieren";1
"2712";"intim";1
"2713";"intrigant";1
"2714";"irden";1
"2715";"irdisch";1
"2716";"irregeleitet";1
"2717";"irren";1
"2718";"irrend";1
"2719";"irrsinnig";1
"2720";"irrtümlich";1
"2721";"ist’s";1
"2722";"jagend";1
"2723";"jammert";1
"2724";"jammervoll";1
"2725";"jetzigen";1
"2726";"juckend";1
"2727";"junge";1
"2728";"Junge";1
"2729";"junger";1
"2730";"K.s";1
"2731";"kalkbespritzt";1
"2732";"kam";1
"2733";"käm";1
"2734";"kämest";1
"2735";"kampfbereit";1
"2736";"kämpfend";1
"2737";"kämpft";1
"2738";"kannen";1
"2739";"kantig";1
"2740";"kärglich";1
"2741";"kariert";1
"2742";"kategorisch";1
"2743";"kauend";1
"2744";"kauern";1
"2745";"kaufen";1
"2746";"kaum";1
"2747";"kehren";1
"2748";"kein";1
"2749";"kellerartig";1
"2750";"kenne";1
"2751";"Klammsch";1
"2752";"klappert";1
"2753";"klare";1
"2754";"klarmach";1
"2755";"kleidet";1
"2756";"kleinfenstrig";1
"2757";"kleinmaschig";1
"2758";"klimpernd";1
"2759";"klingelnd";1
"2760";"klipp";1
"2761";"knabenhaft";1
"2762";"knechtisch";1
"2763";"kniefällig";1
"2764";"kniend";1
"2765";"knusprig";1
"2766";"koch";1
"2767";"kolossal";1
"2768";"kommt";1
"2769";"kompliziert";1
"2770";"königlich";1
"2771";"konsequent";1
"2772";"konzentrierte";1
"2773";"kopfnickend";1
"2774";"körperlicher";1
"2775";"korrekt";1
"2776";"korrupt";1
"2777";"kostspielig";1
"2778";"krampfhaft";1
"2779";"kränkel";1
"2780";"kränkend";1
"2781";"krankhaft";1
"2782";"kratz";1
"2783";"kreisrund";1
"2784";"krepieren";1
"2785";"krümmen";1
"2786";"kühler";1
"2787";"kümm";1
"2788";"kümmern";1
"2789";"kündig";1
"2790";"kunsthistorisch";1
"2791";"künstlerisch";1
"2792";"künstlich";1
"2793";"kunstvoll";1
"2794";"kürze";1
"2795";"kürzester";1
"2796";"kutschermäßig";1
"2797";"lampentragend";1
"2798";"ländlich";1
"2799";"länger";1
"2800";"langgestreckt";1
"2801";"langsamer";1
"2802";"lärm";1
"2803";"lärmerfüllt";1
"2804";"läßen";1
"2805";"lastend";1
"2806";"lau";1
"2807";"lauschend";1
"2808";"läuten";1
"2809";"lebend";1
"2810";"lebendigst";1
"2811";"lebenerfüllt";1
"2812";"lebenslang";1
"2813";"leck";1
"2814";"leert";1
"2815";"legst";1
"2816";"lehnen";1
"2817";"lehnt";1
"2818";"lei";1
"2819";"leichenblaß";1
"2820";"leichtfüßig";1
"2821";"leichtsinniger";1
"2822";"leidend";1
"2823";"leserlich";1
"2824";"letztvergangen";1
"2825";"leuchtertragend";1
"2826";"liebenswert";1
"2827";"liebevoll";1
"2828";"lieblos";1
"2829";"liebreich";1
"2830";"liebt";1
"2831";"liederlich";1
"2832";"liefern";1
"2833";"liegengelassen";1
"2834";"listig";1
"2835";"livriert";1
"2836";"lobend";1
"2837";"lockt";1
"2838";"lohnt";1
"2839";"losgebrochen";1
"2840";"losschreiend";1
"2841";"loszulös";1
"2842";"lüg";1
"2843";"lügnerisch";1
"2844";"lungen";1
"2845";"lungenkrank";1
"2846";"makellos";1
"2847";"mal";1
"2848";"Manch";1
"2849";"manchem";1
"2850";"mancher";1
"2851";"mannigfach";1
"2852";"märchenhaft";1
"2853";"marmorn";1
"2854";"marod";1
"2855";"marschiert";1
"2856";"maschinenmäßig";1
"2857";"massiert";1
"2858";"mattschimmernd";1
"2859";"medizinisch";1
"2860";"mehrfach";1
"2861";"meinen";1
"2862";"meinig";1
"2863";"melancholisch";1
"2864";"melodisch";1
"2865";"merken";1
"2866";"mir";1
"2867";"misch";1
"2868";"miserabel";1
"2869";"mißbilligend";1
"2870";"mißhandelt";1
"2871";"mißliebig";1
"2872";"mißraten";1
"2873";"mißzuverstehend";1
"2874";"mitarbeitet";1
"2875";"mitgenommen";1
"2876";"mitleidigem";1
"2877";"mitrollt";1
"2878";"mitteilt";1
"2879";"mitzuteil";1
"2880";"möbelerschütternd";1
"2881";"modern";1
"2882";"möglicher";1
"2883";"möglichst";1
"2884";"mörderisch";1
"2885";"morgig";1
"2886";"munter";1
"2887";"murmelnd";1
"2888";"murmelt";1
"2889";"mürrisch";1
"2890";"muß";1
"2891";"müßten";1
"2892";"mustergültig";1
"2893";"musterhaft";1
"2894";"mütterlich";1
"2895";"nachahm";1
"2896";"nachbildend";1
"2897";"nachdacht";1
"2898";"nachfliegend";1
"2899";"nachfolgend";1
"2900";"nachgemacht";1
"2901";"nachgiebig";1
"2902";"nachhelfend";1
"2903";"nachkommen";1
"2904";"nachschau";1
"2905";"nachschlug";1
"2906";"nachsprech";1
"2907";"nächsthöh";1
"2908";"nächtelang";1
"2909";"nachweisbar";1
"2910";"nachweise";1
"2911";"nachzuholen";1
"2912";"nachzuschaun";1
"2913";"näh";1
"2914";"naheging";1
"2915";"naheliegend";1
"2916";"nahend";1
"2917";"nahezugehen";1
"2918";"nasch";1
"2919";"naß";1
"2920";"naturwissenschaftlich";1
"2921";"nebeneinandergetret";1
"2922";"neblig";1
"2923";"nervenzerrüttend";1
"2924";"nervenzerstörend";1
"2925";"neuartig";1
"2926";"neugewonnen";1
"2927";"ni";1
"2928";"nichtamtlich";1
"2929";"nichtanerkannt";1
"2930";"nichtloslösbar";1
"2931";"nichtsahnend";1
"2932";"nichtssagend";1
"2933";"nick";1
"2934";"niederfallend";1
"2935";"niedergebrennen";1
"2936";"niedergedrückt";1
"2937";"niedergeschlagen";1
"2938";"niederkniend";1
"2939";"niederlassend";1
"2940";"niedersetzt";1
"2941";"niederzubox";1
"2942";"nießen";1
"2943";"normal";1
"2944";"notgedrung";1
"2945";"nötiger";1
"2946";"oben";1
"2947";"obitt";1
"2948";"offenhieln";1
"2949";"offenstehend";1
"2950";"öffn";1
"2951";"öfter";1
"2952";"ohnmachtsähnlich";1
"2953";"östlich";1
"2954";"panzerartig";1
"2955";"parfümieren";1
"2956";"paßte";1
"2957";"pausenweise";1
"2958";"Peinlich";1
"2959";"pflastern";1
"2960";"pflege";1
"2961";"pflegen";1
"2962";"pflichtgemäß";1
"2963";"pflichttreu";1
"2964";"pflichtvergessen";1
"2965";"phantastisch";1
"2966";"planmäßig";1
"2967";"plapperhaft";1
"2968";"plissiert";1
"2969";"plump";1
"2970";"plumpen";1
"2971";"plumper";1
"2972";"polternd";1
"2973";"praktischer";1
"2974";"präzis";1
"2975";"preßte";1
"2976";"protokollarisch";1
"2977";"puppenförmig";1
"2978";"quälen";1
"2979";"quält";1
"2980";"qualvoll";1
"2981";"quer";1
"2982";"rasiert";1
"2983";"ratlos";1
"2984";"ratsam";1
"2985";"rauher";1
"2986";"räumt";1
"2987";"rauscht";1
"2988";"rechtwinkelig";1
"2989";"regelrechte";1
"2990";"reichend";1
"2991";"reichendes";1
"2992";"reichgeschmückt";1
"2993";"reif";1
"2994";"reifen";1
"2995";"reihen";1
"2996";"reinlich";1
"2997";"reisefertig";1
"2998";"reißend";1
"2999";"rennend";1
"3000";"respektabel";1
"3001";"respekteinflößend";1
"3002";"respektvoll";1
"3003";"restlich";1
"3004";"reuevoll";1
"3005";"reuig";1
"3006";"rhythmisch";1
"3007";"richtiger";1
"3008";"richtiges";1
"3009";"riß";1
"3010";"röchelnd";1
"3011";"rollen";1
"3012";"rotbäckig";1
"3013";"rötlichblond";1
"3014";"rotwangig";1
"3015";"rück";1
"3016";"rücken";1
"3017";"rückhaltlos";1
"3018";"rückläufig";1
"3019";"rückschrittlich";1
"3020";"rücksichtlich";1
"3021";"ruckweise";1
"3022";"rühm";1
"3023";"rühmen";1
"3024";"rumänisch";1
"3025";"runden";1
"3026";"rundrückig";1
"3027";"rüstig";1
"3028";"sachverständig";1
"3029";"sägeblattartig";1
"3030";"sammelten";1
"3031";"sanftmütig";1
"3032";"säubernd";1
"3033";"schäbig";1
"3034";"schade";1
"3035";"schädigend";1
"3036";"schaffen";1
"3037";"schal";1
"3038";"schäm";1
"3039";"scharfgeschnitten";1
"3040";"scharfsinnig";1
"3041";"scharre";1
"3042";"schattenhaft";1
"3043";"schätzt";1
"3044";"schaudernd";1
"3045";"schaudert";1
"3046";"schauen";1
"3047";"schaukel";1
"3048";"schauspielerhaft";1
"3049";"scheien";1
"3050";"schein";1
"3051";"scheinbare";1
"3052";"scheinend";1
"3053";"scherzend";1
"3054";"scheunenartig";1
"3055";"schief";1
"3056";"schiehen";1
"3057";"schimmernd";1
"3058";"schläfrig";1
"3059";"schläft";1
"3060";"schlaftrunken";1
"3061";"schlagend";1
"3062";"schlampig";1
"3063";"schleichend";1
"3064";"schleif";1
"3065";"schlepp";1
"3066";"schleppend";1
"3067";"schleunig";1
"3068";"schleunigst";1
"3069";"schlich";1
"3070";"schlief";1
"3071";"schließlichen";1
"3072";"schluck";1
"3073";"schluckend";1
"3074";"schlungen";1
"3075";"schmalschulterig";1
"3076";"schmeckend";1
"3077";"schmeichelt";1
"3078";"schmerzt";1
"3079";"schmücken";1
"3080";"Schmutzstreif";1
"3081";"schnappend";1
"3082";"schnauft";1
"3083";"schnellisch";1
"3084";"schnurgerade";1
"3085";"schonend";1
"3086";"schöner";1
"3087";"schöngewölbt";1
"3088";"schonungsbedürftig";1
"3089";"schrak";1
"3090";"schreckenerregend";1
"3091";"Schrecklich";1
"3092";"schreien";1
"3093";"schreierisch";1
"3094";"schreit";1
"3095";"schroff";1
"3096";"schuldbewußen";1
"3097";"schulheftartig";1
"3098";"schulmäßig";1
"3099";"schutzbedürftig";1
"3100";"schützn";1
"3101";"schwächen";1
"3102";"schwächer";1
"3103";"schwachsinnig";1
"3104";"schwachwandig";1
"3105";"schwang";1
"3106";"schwärmerisch";1
"3107";"schwarzem";1
"3108";"schwatzt";1
"3109";"schweifen";1
"3110";"schweifend";1
"3111";"schweißbedeckt";1
"3112";"Schwerfällig";1
"3113";"schwerwiegend";1
"3114";"schwieg";1
"3115";"schwierige";1
"3116";"schwül";1
"3117";"schwungen";1
"3118";"sechst";1
"3119";"seekrank";1
"3120";"seid";1
"3121";"seidenartig";1
"3122";"selbstbewußte";1
"3123";"selbsterarbeitet";1
"3124";"selbstmörderisch";1
"3125";"seufz";1
"3126";"sicherlich";1
"3127";"sicherzustellend";1
"3128";"sichtbare";1
"3129";"siebent";1
"3130";"siebzehn";1
"3131";"siegen";1
"3132";"sieh";1
"3133";"Sieh";1
"3134";"silbern";1
"3135";"sinnverwirrend";1
"3136";"sitzen";1
"3137";"slawisch";1
"3138";"sogleich";1
"3139";"soll";1
"3140";"söllerartig";1
"3141";"sonnig";1
"3142";"sonntäglich";1
"3143";"sorgen";1
"3144";"sorgenvoll";1
"3145";"sorgsam";1
"3146";"soviel";1
"3147";"spähend";1
"3148";"sparsam";1
"3149";"spaßig";1
"3150";"spaziert";1
"3151";"spielerisch";1
"3152";"spielt";1
"3153";"sprechend";1
"3154";"sprich";1
"3155";"sprunghaft";1
"3156";"stammend";1
"3157";"stammt";1
"3158";"standhaltend";1
"3159";"stärken";1
"3160";"starre";1
"3161";"starren";1
"3162";"stattlich";1
"3163";"staubbedecken";1
"3164";"staubfrei";1
"3165";"staubig";1
"3166";"staunenswert";1
"3167";"stehen";1
"3168";"stehn";1
"3169";"steifgespannt";1
"3170";"stellen";1
"3171";"sterblich";1
"3172";"sternförmig";1
"3173";"stet";1
"3174";"stolpernd";1
"3175";"stör";1
"3176";"stören";1
"3177";"Störend";1
"3178";"störn";1
"3179";"stoß";1
"3180";"stoßend";1
"3181";"strafen";1
"3182";"strahlenförmig";1
"3183";"straßenmäßig";1
"3184";"sträubend";1
"3185";"streif";1
"3186";"streitig";1
"3187";"strittig";1
"3188";"stummen";1
"3189";"stummes";1
"3190";"stumpfer";1
"3191";"stürmend";1
"3192";"stürmischer";1
"3193";"stürzend";1
"3194";"stutzig";1
"3195";"süßlich";1
"3196";"sympathisch";1
"3197";"systematisch";1
"3198";"tagtäglich";1
"3199";"taillenlos";1
"3200";"taktmäßig";1
"3201";"tapfer";1
"3202";"tät";1
"3203";"taten";1
"3204";"tätig";1
"3205";"täusch";1
"3206";"tausendmal";1
"3207";"telephonieren";1
"3208";"teppichartig";1
"3209";"teuflisch";1
"3210";"theoretisch";1
"3211";"Theresens";1
"3212";"tiefblau";1
"3213";"tiefer";1
"3214";"träg";1
"3215";"tragbar";1
"3216";"tragen";1
"3217";"tragisch";1
"3218";"tränend";1
"3219";"tränenlos";1
"3220";"trank";1
"3221";"traumhaft";1
"3222";"traumverloren";1
"3223";"treibend";1
"3224";"treue";1
"3225";"trinkt";1
"3226";"trübselig";1
"3227";"Trübselig";1
"3228";"turbanartig";1
"3229";"türfüllend";1
"3230";"turmartig";1
"3231";"tyrannisch";1
"3232";"übelriechend";1
"3233";"übelwollend";1
"3234";"überbeschäftigt";1
"3235";"überbreit";1
"3236";"überbring";1
"3237";"überbürdet";1
"3238";"übereilen";1
"3239";"übereinstimmen";1
"3240";"übergeordnet";1
"3241";"übergeschlagen";1
"3242";"überglücklich";1
"3243";"überheiß";1
"3244";"überheizt";1
"3245";"überirdisch";1
"3246";"überlang";1
"3247";"überlaufen";1
"3248";"überlegend";1
"3249";"überlegt";1
"3250";"überleuchten";1
"3251";"überlief";1
"3252";"übernachten";1
"3253";"übernehmend";1
"3254";"überordnen";1
"3255";"überprüf";1
"3256";"überragen";1
"3257";"überragend";1
"3258";"überreich";1
"3259";"überreichen";1
"3260";"Überröck";1
"3261";"überrundet";1
"3262";"überschätzt";1
"3263";"überschlagend";1
"3264";"überschreiten";1
"3265";"überschüssig";1
"3266";"übersehbar";1
"3267";"übersichtlich";1
"3268";"überspitzt";1
"3269";"überstürzend";1
"3270";"übertönend";1
"3271";"übertüncht";1
"3272";"überwacht";1
"3273";"überwältigend";1
"3274";"überzeug";1
"3275";"übrige";1
"3276";"umarm";1
"3277";"umarmen";1
"3278";"umarmend";1
"3279";"umfang";1
"3280";"umflatternd";1
"3281";"umgesehen";1
"3282";"umgittert";1
"3283";"umherzublick";1
"3284";"umkreisend";1
"3285";"umlaufenden";1
"3286";"umliegend";1
"3287";"umschauend";1
"3288";"umschlagend";1
"3289";"umschloßen";1
"3290";"umsonst";1
"3291";"umweht";1
"3292";"umzubring";1
"3293";"umzudeut";1
"3294";"unabänderlich";1
"3295";"unabweisbar";1
"3296";"unachtsam";1
"3297";"unähnlich";1
"3298";"unanbringen";1
"3299";"unangezweifelt";1
"3300";"unangreifbar";1
"3301";"Unannehmlichkeit";1
"3302";"unansehnlich";1
"3303";"unanständig";1
"3304";"unanzweifelbar";1
"3305";"unartig";1
"3306";"unausdenkbar";1
"3307";"unausnützbar";1
"3308";"unausrottbar";1
"3309";"unaussprechlich";1
"3310";"unausstehlich";1
"3311";"unaustrockbar";1
"3312";"unausweichlich";1
"3313";"unbändig";1
"3314";"unbeaufsichtigen";1
"3315";"unbedacht";1
"3316";"unbedecken";1
"3317";"unbedeckt";1
"3318";"unbegrenzt";1
"3319";"unbegründet";1
"3320";"unbeirrt";1
"3321";"unbekleiden";1
"3322";"unbekümmert";1
"3323";"unbelebt";1
"3324";"unbelehrt";1
"3325";"unberechtigen";1
"3326";"unbeschädigen";1
"3327";"unbeschäftigen";1
"3328";"unbeschäftigt";1
"3329";"Unbeschreiblich";1
"3330";"unbesonnen";1
"3331";"unbeteiligen";1
"3332";"unbeteiligt";1
"3333";"unbewohnen";1
"3334";"unbewußt";1
"3335";"unbezähmbar";1
"3336";"unbotmäßig";1
"3337";"Unbrauchbar";1
"3338";"undenkbar";1
"3339";"undeutbar";1
"3340";"undurchführbar";1
"3341";"unehelich";1
"3342";"unempfindlich";1
"3343";"unendlich";1
"3344";"unentrinnbar";1
"3345";"unentscheidend";1
"3346";"unentwirrbar";1
"3347";"unerbittlich";1
"3348";"Unerbittlich";1
"3349";"Unermüdlich";1
"3350";"unerschöpflich";1
"3351";"unerschüttern";1
"3352";"unersetzlich";1
"3353";"unfolgsam";1
"3354";"unfreundliches";1
"3355";"unfrisiert";1
"3356";"ungebunden";1
"3357";"ungeduldigem";1
"3358";"ungeeignetester";1
"3359";"ungeflickt";1
"3360";"ungefragen";1
"3361";"ungehindert";1
"3362";"ungenieren";1
"3363";"ungeohrfeigen";1
"3364";"ungeordnet";1
"3365";"ungerahmt";1
"3366";"ungeschädigen";1
"3367";"ungeschehen";1
"3368";"ungeschrieben";1
"3369";"ungeschwächt";1
"3370";"ungestraft";1
"3371";"ungesund";1
"3372";"ungeteilt";1
"3373";"ungeübt";1
"3374";"ungezogen";1
"3375";"unglückliche";1
"3376";"unglückliches";1
"3377";"ungnädig";1
"3378";"unhaltbar";1
"3379";"unheilbar";1
"3380";"uninteressant";1
"3381";"unkontrollieren";1
"3382";"unlösbar";1
"3383";"unmodern";1
"3384";"unnachahmbar";1
"3385";"unnachsichtlich";1
"3386";"unnatürlich";1
"3387";"Unnütze";1
"3388";"unpraktisch";1
"3389";"unruhige";1
"3390";"unruhiger";1
"3391";"unruhiges";1
"3392";"unsagbar";1
"3393";"unsrig";1
"3394";"unt";1
"3395";"unterdrückend";1
"3396";"unterhaltend";1
"3397";"unterirdisch";1
"3398";"unterlasse";1
"3399";"unterlassen";1
"3400";"untermischt";1
"3401";"unterrichten";1
"3402";"unterrichtet";1
"3403";"unterscheiden";1
"3404";"unterscheidend";1
"3405";"unterschieden";1
"3406";"unterwürfigem";1
"3407";"untreu";1
"3408";"untröstlich";1
"3409";"untrüglich";1
"3410";"unübersichtlich";1
"3411";"unüberwindlich";1
"3412";"unumstößlich";1
"3413";"unverbraucht";1
"3414";"unverdächtig";1
"3415";"unvergleichbar";1
"3416";"unverhältnismäßig";1
"3417";"unverhofft";1
"3418";"unverletzlich";1
"3419";"unverlöschlich";1
"3420";"unvermerken";1
"3421";"unvernünftig";1
"3422";"unverrückbar";1
"3423";"unverschämt";1
"3424";"unverschütten";1
"3425";"unversperrbar";1
"3426";"unverwandt";1
"3427";"unverzeihlich";1
"3428";"unvollständig";1
"3429";"unvorhersehbar";1
"3430";"unwahr";1
"3431";"unwesentlich";1
"3432";"unwiderlegbar";1
"3433";"unwirklich";1
"3434";"unzählbar";1
"3435";"unzerstörbar";1
"3436";"unzureichend";1
"3437";"unzuverlässig";1
"3438";"urteilsfähig";1
"3439";"verabschiedend";1
"3440";"verachten";1
"3441";"verändernd";1
"3442";"veranlagen";1
"3443";"veranstaltet";1
"3444";"verantwortungslos";1
"3445";"verantwortungsschw";1
"3446";"verarmen";1
"3447";"verberg";1
"3448";"verbiß";1
"3449";"verbissen";1
"3450";"verbitt";1
"3451";"verblüffend";1
"3452";"verblut";1
"3453";"verboten";1
"3454";"verbrecherisch";1
"3455";"verbund";1
"3456";"Verdächtig";1
"3457";"verdächtigen";1
"3458";"verdammt";1
"3459";"verdeckend";1
"3460";"verdeckt";1
"3461";"verdeutlichen";1
"3462";"Verdien";1
"3463";"verdirben";1
"3464";"verdrießlich";1
"3465";"verdunkelt";1
"3466";"verehrt";1
"3467";"verei";1
"3468";"verein";1
"3469";"vereinigend";1
"3470";"vereinigt";1
"3471";"vereint";1
"3472";"verengend";1
"3473";"verfallend";1
"3474";"verfault";1
"3475";"verfitzter";1
"3476";"verfluchen";1
"3477";"Verfluchen";1
"3478";"verflüchtigend";1
"3479";"verfolg";1
"3480";"verfügbar";1
"3481";"verführerisch";1
"3482";"vergäß";1
"3483";"vergehen";1
"3484";"vergleichbar";1
"3485";"vergrößeren";1
"3486";"Verhältnismäßig";1
"3487";"verheiraten";1
"3488";"verheiratete";1
"3489";"verhindern";1
"3490";"verhindert";1
"3491";"verhöhnen";1
"3492";"verhung";1
"3493";"verjagbar";1
"3494";"verjüngend";1
"3495";"verkaufen";1
"3496";"verkäuflich";1
"3497";"verkroch";1
"3498";"verkrüppelt";1
"3499";"verkühlt";1
"3500";"verlacht";1
"3501";"verlang";1
"3502";"verlaufend";1
"3503";"verlege";1
"3504";"verlegen";1
"3505";"verlieben";1
"3506";"verliehenen";1
"3507";"verlogen";1
"3508";"vermehrt";1
"3509";"vermeintlich";1
"3510";"vermerken";1
"3511";"vermieden";1
"3512";"vermieten";1
"3513";"vermietet";1
"3514";"vermutlich";1
"3515";"vernachlässig";1
"3516";"vernachlässigen";1
"3517";"vernachlässigend";1
"3518";"vernachlässigt";1
"3519";"vernagelt";1
"3520";"vernarren";1
"3521";"verneigend";1
"3522";"verpflicht";1
"3523";"verratend";1
"3524";"verräterisch";1
"3525";"verregnet";1
"3526";"verricht";1
"3527";"versagen";1
"3528";"versammelt";1
"3529";"verschaffen";1
"3530";"verschenkbar";1
"3531";"verscheuchen";1
"3532";"verschiedenfarbigem";1
"3533";"verschleiert";1
"3534";"verschlung";1
"3535";"verschmerz";1
"3536";"verschnupft";1
"3537";"verschollen";1
"3538";"verschonen";1
"3539";"verschont";1
"3540";"verschüttet";1
"3541";"verschwieg";1
"3542";"verschwindend";1
"3543";"verschwitzen";1
"3544";"versilbert";1
"3545";"versöhnen";1
"3546";"verspätet";1
"3547";"verspeist";1
"3548";"versprochen";1
"3549";"verständigend";1
"3550";"verstärken";1
"3551";"verstaut";1
"3552";"versucht";1
"3553";"verteidigungslos";1
"3554";"verteilen";1
"3555";"vertraulicher";1
"3556";"vertreib";1
"3557";"verursach";1
"3558";"verursacht";1
"3559";"verwandeln";1
"3560";"verwandelt";1
"3561";"verwandt";1
"3562";"verweht";1
"3563";"verwundern";1
"3564";"verzehrend";1
"3565";"verzeihen";1
"3566";"verzeihlich";1
"3567";"verzerrten";1
"3568";"verzichten";1
"3569";"verzückt";1
"3570";"verzwickt";1
"3571";"vielerfahren";1
"3572";"vielfarbig";1
"3573";"vielstimmig";1
"3574";"vielversprechend";1
"3575";"viertelstündig";1
"3576";"vierzehnjährig";1
"3577";"vierzigjährig";1
"3578";"violett";1
"3579";"vollbesetzen";1
"3580";"vollgepacken";1
"3581";"vollgestopfen";1
"3582";"völligem";1
"3583";"völliger";1
"3584";"vollkommener";1
"3585";"vollkommenster";1
"3586";"vorausgeschickt";1
"3587";"voraussichtlich";1
"3588";"vorbehalt";1
"3589";"vorbehaltlos";1
"3590";"vorbracht";1
"3591";"vordrängt";1
"3592";"voreilig";1
"3593";"vorgedrängt";1
"3594";"vorgefall";1
"3595";"vorgehalt";1
"3596";"vorgehen";1
"3597";"vorgelesen";1
"3598";"vorgerückt";1
"3599";"vorgesehen";1
"3600";"vorgestrecken";1
"3601";"vorgesung";1
"3602";"vorgetreiben";1
"3603";"vorging";1
"3604";"vorhalt";1
"3605";"vorhergegang";1
"3606";"vorhergehend";1
"3607";"vorkam";1
"3608";"vorlieb";1
"3609";"vormittägig";1
"3610";"vorrätig";1
"3611";"vorrück";1
"3612";"vorrückt";1
"3613";"vorschreiben";1
"3614";"vorsehen";1
"3615";"vorsorglich";1
"3616";"vorstellbar";1
"3617";"vorstellend";1
"3618";"vorübereilt";1
"3619";"vorübergekommen";1
"3620";"vorüberging";1
"3621";"vorüberhuschend";1
"3622";"vorüberkäm";1
"3623";"vorüberkommend";1
"3624";"vorwagen";1
"3625";"vorwärtsgeh";1
"3626";"vorwärtsgeschoben";1
"3627";"vorzubereit";1
"3628";"vorzubring";1
"3629";"vorzudring";1
"3630";"vorzulüg";1
"3631";"vorzunehm";1
"3632";"vorzurück";1
"3633";"vorzuzeig";1
"3634";"waagerecht";1
"3635";"waghalsig";1
"3636";"wählerisch";1
"3637";"wahnsinnig";1
"3638";"wahnwitzig";1
"3639";"wahrheitsgetreu";1
"3640";"wahrlich";1
"3641";"wahrzunehm";1
"3642";"walzenartig";1
"3643";"wärm";1
"3644";"wartet";1
"3645";"weck";1
"3646";"weggegang";1
"3647";"weggenommen";1
"3648";"weggeweht";1
"3649";"weggezogen";1
"3650";"wegging";1
"3651";"wegnimmt";1
"3652";"wegsehend";1
"3653";"wegwerf";1
"3654";"Wegwerfend";1
"3655";"wegzublas";1
"3656";"wegzuscheiben";1
"3657";"wehend";1
"3658";"wehleidig";1
"3659";"wehren";1
"3660";"wehrend";1
"3661";"weht";1
"3662";"weichen";1
"3663";"Weilch";1
"3664";"wein";1
"3665";"weißbärtig";1
"3666";"weißgetüncht";1
"3667";"weißhaarig";1
"3668";"weißlich";1
"3669";"weitaufgerissen";1
"3670";"weitblickend";1
"3671";"weitergeht";1
"3672";"weitergeschoben";1
"3673";"weiterreißen";1
"3674";"weiterschlief";1
"3675";"weiterzueil";1
"3676";"weitgehend";1
"3677";"weitreichend";1
"3678";"wellenförmig";1
"3679";"welligem";1
"3680";"welterfahren";1
"3681";"weltungewandter";1
"3682";"wendend";1
"3683";"werden";1
"3684";"werfend";1
"3685";"wesenlos";1
"3686";"wett";1
"3687";"wichtiger";1
"3688";"wickeln";1
"3689";"widersetzt";1
"3690";"widersinnig";1
"3691";"widersprechend";1
"3692";"widerspruchslos";1
"3693";"widerstandsfähig";1
"3694";"widerwärtig";1
"3695";"wiedereingefügt";1
"3696";"wiedergekommen";1
"3697";"wiedergesehen";1
"3698";"wiedergewonnen";1
"3699";"wiederholend";1
"3700";"wiederkommen";1
"3701";"wiederzufind";1
"3702";"wiederzukommen";1
"3703";"wiehernd";1
"3704";"wilder";1
"3705";"wildfremd";1
"3706";"willig";1
"3707";"willst";1
"3708";"wimmernd";1
"3709";"wirklichen";1
"3710";"wirklicher";1
"3711";"wirr";1
"3712";"wischt";1
"3713";"wohlaussehend";1
"3714";"wohlerzogen";1
"3715";"wohlgelingen";1
"3716";"wohlgemerken";1
"3717";"wohlmeinend";1
"3718";"wohlverstand";1
"3719";"wohlweislich";1
"3720";"wohnt";1
"3721";"wollend";1
"3722";"wollten";1
"3723";"Wort";1
"3724";"wundgereiben";1
"3725";"wünschen";1
"3726";"würdevoll";1
"3727";"wusch";1
"3728";"z";1
"3729";"zahlen";1
"3730";"zahlend";1
"3731";"zahllosen";1
"3732";"zahnlos";1
"3733";"zankt";1
"3734";"zappelnd";1
"3735";"zärtlich";1
"3736";"Zeig";1
"3737";"zeigend";1
"3738";"zerbroch";1
"3739";"zerflossen";1
"3740";"zerkratzt";1
"3741";"zerlumpt";1
"3742";"zermürben";1
"3743";"zerrauft";1
"3744";"zerrauftes";1
"3745";"zerreißend";1
"3746";"zerriß";1
"3747";"zersplitternd";1
"3748";"zerstören";1
"3749";"zerzau";1
"3750";"ziemlich";1
"3751";"zimperlich";1
"3752";"zittrig";1
"3753";"zornig";1
"3754";"zudringlich";1
"3755";"Zudringlich";1
"3756";"zufälligen";1
"3757";"zuflüstert";1
"3758";"zufriedenstellend";1
"3759";"zugedacht";1
"3760";"zugedrückt";1
"3761";"zugeht";1
"3762";"zugeneigt";1
"3763";"zugeschaut";1
"3764";"zugeschworen";1
"3765";"zugesehen";1
"3766";"zugespitztem";1
"3767";"zugestand";1
"3768";"zugewendet";1
"3769";"zugewiesen";1
"3770";"zugezogen";1
"3771";"zulächelt";1
"3772";"zulief";1
"3773";"zünd";1
"3774";"zunickt";1
"3775";"zuredet";1
"3776";"zurückbleibend";1
"3777";"zurückgebleiben";1
"3778";"zurückgedrängen";1
"3779";"zurückgelehnt";1
"3780";"zurückgeneigen";1
"3781";"zurückgeworfen";1
"3782";"zurückgezogen";1
"3783";"zurückkehrend";1
"3784";"zurückkommend";1
"3785";"zurückschnappend";1
"3786";"zusammengebissen";1
"3787";"zusammengedrängt";1
"3788";"zusammengehalten";1
"3789";"zusammengekauern";1
"3790";"zusammengelegt";1
"3791";"zusammenhalten";1
"3792";"zusammenrück";1
"3793";"zuseh";1
"3794";"zusing";1
"3795";"zustimm";1
"3796";"zuwend";1
"3797";"zwanzigjährig";1
"3798";"zweckdienlich";1
"3799";"zweckentsprechend";1
"3800";"zweckvoll";1
"3801";"zweifach";1
"3802";"zweifelnd";1
"3803";"zweifelt";1
"3804";"zweifenstrig";1
"3805";"zweiflerisch";1
"3806";"zweimalig";1
"3807";"zweirädrig";1
"3808";"zweischneidig";1
"3809";"zweitägig";1
"3810";"zweitens";1
"3811";"zweithoch";1
"3812";"zweitober";1
"3813";"zwing";1
"3814";"zwingend";1
"3815";"zwinkernd";1
"3816";"Zwischenträg";1
"3817";"zwölfjährig";1
